barcode,heavy,light,gen,root,parent,child,sampling_weight
GCCTTCAGAGCCCTATTGCACTGATC,CAGGTCCAACTGCAGCAGCCTGGGGCTGAGCTTGTGAAGCCTGGGGCTTCAGTGAAGCTGTCCTGCAAGGCTTCTGGCTACACCTTCACCAGCTACTGGATGCACTGGGTGAAGCAGAGCCTGGACGAGGCCTTGAGTGGATTGGAAGGATTGATCCTAATAGTGGTGGTACTAAGTACAATGAGAAGTTCAAGAGCAAGGCCACACTGACTGTAGACAAACCCTCCAGCACAGCCTACATGCAGCTCAGCAGCCTGACATCTGAGGACTCTGCGGTCTATTATTGTGCAAGACAACTGGGACACTACTTTGACTACTGGGGCCAAGGCACCACTCTCACAGTCTCCTCA,NNNNNNNNNNTTACTCAGCCAAGCTCTGTGTCTACGTCTCTAGGAAGCACAGTCAAACTGCCTTGCAAGCGCAGCACTGGTAACATTGGAAACGACTATGTGCACTGGTACCAGCAACACATGGGAAGATCTCCCACCAATATGATCTATAGAGATGATCAGCGACCATCTGGAGTTTCTGATAGGTTCTCTGGCTCCATTGACAGCTCTTCCAACTCAGCCTTCCTGACAATCAATAATGTGCAGGCTGAGGATNNNNNNNNNNNNNNNNNNCTGGGTGTTCGGTGGAGGAACCAAACTGACTGTCCTAG,0,,,[<cell.Cell object at 0x12d2e3990>],1
GGAAACTAGTCACATATCTATGAGGG,CAGGTCCAACTGCAGCAGCCTGGGGCTGAGCTTGTGAAGCCTGGGGCTTCAGTGAAGCTGTCCTGCAAGGCTTCTGGCTACACCTTCACCAGCTACTGGATGCACTGGGTGAAGCAGAGCCTGGACGAGGCCTTGAGTGGATTGGAAGGATTGATCCTAATAGTGGTGGTACTAAGTACAATGAGAAGTTCAAGAGCAAGGCCACACTGACTGTAGACAAACCCTCCAGCACAGCCTACATGCAGCTCAGCAGCCTGACATCTGAGGACTCTGCGGTCTATTATTGTGCAAGACAACTGGGACACTACTTTGACTACTGGGGCCAAGGCACCACTCTCACAGTCTCCTCA,NNNNNNNNNNTTACTCAGCCAAGCTCTGTGTCTACGTCTCTAGGAAGCACAGTCAAACTGTCTTGCAAGCGCAGCACTGGTAACATTGGAAACAACTATGTGCACTGGTACCAGCAGTACATGGGAAGATCTCCCACCAATATGATCTATGATGATAATAAGCGACCATCTGGAGTTTCTGATAGGTTCTCTGGCTCCATTGACAGCTCTTCCAACTCAGCCTTCCTGACAATCAATAATGTGCAGGCTGAGGATNNNNNNNNNNNNNNNNNNCTGGGTGTTCGGTGGAGGAACCAAACTGACTGTCCTAG,0,,,[],1
ATGACGCTAGATCTGCGGCATATTTG,CAGGTCCAACTGCAGCAGCCTGGGGCTGAGCTTGTGAAGCCTGGGGCTTCAGTGAAGCTGTCCTGCAAGGCTTCTGGCTACACCTTCACCAGCTACTGGATGCACTGGGTGAAGCAGAGCCTGGACGAGGCCTTGAGTGGATTGGAAGGATTGATCCTAATAGTGGTGGTACTAAGTACAATGAGAAGTTCAAGAGCAAGGCCACACTGACTGTAGACAAACCCTCCAGCACAGCCTACATGCAGCTCAGCAGCCTGACATCTGAGGACTCTGCGGTCTATTATTGTGCAAGACAACTGGGACACTACTTTGACTACTGGGGCCAAGGCACCACTCTCACAGTCTCCTCA,NNNNNNNNNNTTACTCAGCCAAGCTCTGTGTCTACATCTCTAGGAAGCACAGTCAAACTGTCTTGCAAGCGCAGCACTGGTAACATTGGAAACAACTATGTGAACTGGTACCAGCAATACATGGGAAGATCTCCCACTAATATGATCTATGGAGATGATCAGCGACCAACTGGAGTTTCTGATAGGTTCTCTGGCTCCATTGACAGCTCTTCCAACTCAGCCTTCCTGACAATCAATAATGTGCAGGCTGAGGATNNNNNNNNNNNNNNNNNNCTGGGTGTTCGGTGGAGGAACCAAACTGACTGTCCTAG,0,,,[],1
AACCTCTCTAGCCTGGCGACTGGGTA,CAGGTCCAACTGCAGCAGCCTGGGGCTGAGCTTGTGAAGCCTGGGGCTTCAGTGAAGCTGTCCTGCAAGGCTTCTGGCTACACCTTCACCAGCTACTGGATGCACTGGGTGAAGCAGAGCCTGGACGAGGCCTTGAGTGGATTGGAAGGATTGATCCTAATAGTGGTGGTACTAAGTACAATGAGAAGTTCAAGAGCAAGGCCACACTGACTGTAGACAAACCCTCCAGCACAGCCTACATGCAGCTCAGCAGCCTGACATCTGAGGACTCTGCGGTCTATTATTGTGCAAGACAACTGGGACACTACTTTGACTACTGGGGCCAAGGCACCACTCTCACAGTCTCCTCA,NNNNNNNNNNTTACTCAGCCAAGCTCTGTGTCTACATCTCTAGGAAGCACAGTCAAACTGTCTTGCAAGCGCAGCACTGGTAACATTGGAAACAACTATGTGAACTGGTACCAGCAATACATGGGAAGATCTCCCACTAATATGATCTATGGAGATGATCAGCGACCAACTGGAGTTTCTGATAGGTTCTCTGGCTCCATTGACAGCTCTTCCAACTCAGCCTTCCTGACAATCAATAATGTGCAGGCTGAGGATNNNNNNNNNNNNNNNNNNTTATGTTTTCGGCGGTGGAACCAAGGTCACTGTCCTAG,0,,,"[<cell.Cell object at 0x12d2e3ad0>, <cell.Cell object at 0x12d2e3ad0>, <cell.Cell object at 0x12d2e3ad0>]",1
CAAACCGGATAGCACTACCGTATAGA,CAGGTCCAACTGCAGCAGCCTGGGGCTGAGCTTGTGAAGCCTGGGGCTTCAGTGAAGCTGTCCTGCAAGGCTTCTGGCTACACCTTCACCAGCTACTGGATGCACTGGGTGAAGCAGAGCCTGGACGAGGCCTTGAGTGGATTGGAAGGATTGATCCTAATAGTGGTGGTACTAAGTACAATGAGAAGTTCAAGAGCAAGGCCACACTGACTGTAGACAAACCCTCCAGCACAGCCTACATGCAGCTCAGCAGCCTGACATCTGAGGACTCTGCGGTCTATTATTGTGCAAGACAACTGGGACACTACTTTGACTACTGGGGCCAAGGCACCACTCTCACAGTCTCCTCA,NNNNNNNNNNTTACTCAGCCAAGCTCTGTGTCTACATCTCTAGGAAGCACAGTCAAACTGTCTTGCAAGCGCAGCACTGGTAACATTGGAAACAACTATGTGAACTGGTACCAGCAATACATGGGAAGATCTCCCACTAATATGATCTATGGAGATGATCAGCGACCAACTGGAGTTTCTGATAGGTTCTCTGGCTCCATTGACAGCTCTTCCAACTCAGCCTTCCTGACAATCAATAATGTGCAGGCTGAGGATNNNNNNNNNNNNNNNNNNGTTTATTTTCGGCAGTGGAACCAAGGTCACTGTCCTAG,0,,,[],1
TGGCGATGTCCGTTGGCTTAGGGACT,CAGGTCCAACTGCAGCAGCCTGGGGCTGAGCTTGTGAAGCCTGGGGCTTCAGTGAAGCTGTCCTGCAAGGCTTCTGGCTACACCTTCACCAGCTACTGGATGCACTGGGTGAAGCAGAGCCTGGACGAGGCCTTGAGTGGATTGGAAGGATTGATCCTAATAGTGGTGGTACTAAGTACAATGAGAAGTTCAAGAGCAAGGCCACACTGACTGTAGACAAACCCTCCAGCACAGCCTACATGCAGCTCAGCAGCCTGACATCTGAGGACTCTGCGGTCTATTATTGTGCAAGACAACTGGGACACTACTTTGACTACTGGGGCCAAGGCACCACTCTCACAGTCTCCTCA,NNNNNNNNNNTTACTCAGCCAAGCTCTGTGTCTACGTCTCTAGGAAGCACAGTCAAACTGTCTTGCAAGCCCAGCACTGGTAAAATTGGAAATTACTTTATGAGCTGGTACCAGCAACACATGGGAAGATCTCCCACAAATATGATCTATAGAGATGATCTCCGACCATCTGGAGTTTCTGATAGGTTCTCTGGCTCCATTGACAGCTCTTCCAACTCAGCCTTCCTGACAATCAATAATGTGCAGGCTGAGGATNNNNNNNNNNNNNNNNNNCTGGGTGTTCGGTGGAGGAACCAAACTGACTGTCCTAG,0,,,[<cell.Cell object at 0x12d2e3a10>],1
GCTTAATCTAAATTATCGAGTGAATT,CAGGTCCAACTGCAGCAGCCTGGGGCTGAGCTTGTGAAGCCTGGGGCTTCAGTGAAGCTGTCCTGCAAGGCTTCTGGCTACACCTTCACCAGCTACTGGATGCACTGGGTGAAGCAGAGCCTGGACGAGGCCTTGAGTGGATTGGAAGGATTGATCCTAATAGTGGTGGTACTAAGTACAATGAGAAGTTCAAGAGCAAGGCCACACTGACTGTAGACAAACCCTCCAGCACAGCCTACATGCAGCTCAGCAGCCTGACATCTGAGGACTCTGCGGTCTATTATTGTGCAAGACAACTGGGACACTACTTTGACTACTGGGGCCAAGGCACCACTCTCACAGTCTCCTCA,NNNNNNNNNNTTACTCAGCCAAGCTCTGTGTCTACGTCTCTAGGAAGCACAGTCAAACTGTCTTGCAAGCCCAGCACTGGTAAAATTGGAAATTACTTTATGAGCTGGTACCAGCAACACATGGGAAGATCTCCCACAAATATGATCTATAGAGATGATCTCCGACCATCTGGAGTTTCTGATAGGTTCTCTGGCTCCATTGACAGCTCTTCCAACTCAGCCTTCCTGACAATCAATAATGTGCAGGCTGAGGATNNNNNNNNNNNNNNNNNNTTATGTTTTCGGCGGTGGAACCAAGGTCACTGTCCTAG,0,,,[],1
ATACGGTTCCGCCATGGGCTCCTCAA,CAGGTCCAACTGCAGCAGCCTGGGGCTGAGCTTGTGAAGCCTGGGGCTTCAGTGAAGCTGTCCTGCAAGGCTTCTGGCTACACCTTCACCAGCTACTGGATGCACTGGGTGAAGCAGAGCCTGGACGAGGCCTTGAGTGGATTGGAAGGATTGATCCTAATAGTGGTGGTACTAAGTACAATGAGAAGTTCAAGAGCAAGGCCACACTGACTGTAGACAAACCCTCCAGCACAGCCTACATGCAGCTCAGCAGCCTGACATCTGAGGACTCTGCGGTCTATTATTGTGCAAGACAACTGGGACACTACTTTGACTACTGGGGCCAAGGCACCACTCTCACAGTCTCCTCA,NNNNNNNNNNTTACTCAGCCAAGCTCTGTGTCTACGTCTCTAGGAAGCACAGTCAAACTGTCTTGCAAGCCCAGCACTGGTAAAATTGGAAATTACTTTATGAGCTGGTACCAGCAACACATGGGAAGATCTCCCACAAATATGATCTATAGAGATGATCTCCGACCATCTGGAGTTTCTGATAGGTTCTCTGGCTCCATTGACAGCTCTTCCAACTCAGCCTTCCTGACAATCAATAATGTGCAGGCTGAGGATNNNNNNNNNNNNNNNNNNGTTTATTTTCGGCAGTGGAACCAAGGTCACTGTCCTAG,0,,,"[<cell.Cell object at 0x12d2e3b90>, <cell.Cell object at 0x12d2e3b90>]",1
GTTTACGGGAGAGTGAGTCATTGACG,CAGGTCCAACTGCAGCAGCCTGGGGCTGAGCTTGTGAAGCCTGGGGCTTCAGTGAAGCTGTCCTGCAAGGCTTCTGGCTACACCTTCACCAGCTACTGGATGCACTGGGTGAAGCAGAGCCTGGACGAGGCCTTGAGTGGATTGGAAGGATTGATCCTAATAGTGGTGGTACTAAGTACAATGAGAAGTTCAAGAGCAAGGCCACACTGACTGTAGACAAACCCTCCAGCACAGCCTACATGCAGCTCAGCAGCCTGACATCTGAGGACTCTGCGGTCTATTATTGTGCAAGACAACTGGGACACTACTTTGACTACTGGGGCCAAGGCACCACTCTCACAGTCTCCTCA,NNNNNNNNNNTTACTCAGCCAAGCTCTGTGTCTACATCTCTAGGAAGCACAGTCAAACTGCCTTGCAAGTGCAGCACTGGTAATATTGGAAGCTACTATGTGCATTGGTACCAGCAACATATGGGAAGATCTCCTACCAATATGATCCATAGTGATGATCAGCGACCATCTGGAGTTTCTGATAGGTTCTCTGGCTCCATTGACAGCTCTTCCAACTCAGCCTTCCTGACAATCAATAATGTGCAGGCTGAGGATNNNNNNNNNNNNNNNNNNGTTTATTTTCGGCAGTGGAACCAAGGTCACTGTCCTAG,0,,,[],1
ACCGGAGTCTGTATGTACCGCTACTT,CAGGTCCAACTGCAGCAGCCTGGGGCTGAGCTTGTGAAGCCTGGGGCTTCAGTGAAGCTGTCCTGCAAGGCTTCTGGCTACACCTTCACCAGCTACTGGATGCACTGGGTGAAGCAGAGCCTGGACGAGGCCTTGAGTGGATTGGAAGGATTGATCCTAATAGTGGTGGTACTAAGTACAATGAGAAGTTCAAGAGCAAGGCCACACTGACTGTAGACAAACCCTCCAGCACAGCCTACATGCAGCTCAGCAGCCTGACATCTGAGGACTCTGCGGTCTATTATTGTGCAAGACAACTGGGACACTACTTTGACTACTGGGGCCAAGGCACCACTCTCACAGTCTCCTCA,CAGGCTGTTGTGACTCAGGAATCTGCACTCACCACATCACCTGGTGAAACAGTCACACTCACTTGTCGCTCAAGTACTGGGGCTGTTACAACTAGTAACTATGCCAACTGGGTCCAAGAAAAACCAGATCATTTATTCACTGGTCTAATAGGTGGTACCAACAACCGAGCTCCAGGTGTTCCTGCCAGATTCTCAGGCTCCCTGATTGGAGACAAGGCTGCCCTCACCATCACAGGGGCACAGACTGAGGATGAGGCAATATATTTCTGTGCTCTATGGTACAGCAACCATTCTGGGTGTTCGGTGGAGGAACCAAACTGACTGTCCTAG,0,,,"[<cell.Cell object at 0x12d2e3c90>, <cell.Cell object at 0x12d2e3c90>, <cell.Cell object at 0x12d2e3c90>, <cell.Cell object at 0x12d2e3c90>]",1
TGTCGCTCGGCCCTCCATGGGGCGCC,CAGGTCCAACTGCAGCAGCCTGGGGCTGAGCTTGTGAAGCCTGGGGCTTCAGTGAAGCTGTCCTGCAAGGCTTCTGGCTACACCTTCACCAGCTACTGGATGCACTGGGTGAAGCAGAGCCTGGACGAGGCCTTGAGTGGATTGGAAGGATTGATCCTAATAGTGGTGGTACTAAGTACAATGAGAAGTTCAAGAGCAAGGCCACACTGACTGTAGACAAACCCTCCAGCACAGCCTACATGCAGCTCAGCAGCCTGACATCTGAGGACTCTGCGGTCTATTATTGTGCAAGACAACTGGGACACTACTTTGACTACTGGGGCCAAGGCACCACTCTCACAGTCTCCTCA,CAGGCTGTTGTGACTCAGGAATCTGCACTCACCACATCACCTGGTGAAACAGTCACACTCACTTGTCGCTCAAGTACTGGGGCTGTTACAACTAGTAACTATGCCAACTGGGTCCAAGAAAAACCAGATCATTTATTCACTGGTCTAATAGGTGGTACCAACAACCGAGCTCCAGGTGTTCCTGCCAGATTCTCAGGCTCCCTGATTGGAGACAAGGCTGCCCTCACCATCACAGGGGCACAGACTGAGGATGAGGCAATATATTTCTGTGCTCTATGGTACAGCAACCATTGTTTATTTTCGGCAGTGGAACCAAGGTCACTGTCCTAG,0,,,[<cell.Cell object at 0x12d2e3d90>],1
CACATAATCTACGGGCATCCAACAAG,CAGGTCCAACTGCAGCAGCCTGGGGCTGAGCTTGTGAAGCCTGGGGCTTCAGTGAAGCTGTCCTGCAAGGCTTCTGGCTACACCTTCACCAGCTACTGGATGCACTGGGTGAAGCAGAGCCTGGACGAGGCCTTGAGTGGATTGGAAGGATTGATCCTAATAGTGGTGGTACTAAGTACAATGAGAAGTTCAAGAGCAAGGCCACACTGACTGTAGACAAACCCTCCAGCACAGCCTACATGCAGCTCAGCAGCCTGACATCTGAGGACTCTGCGGTCTATTATTGTGCAAGACAACTGGGACACTACTTTGACTACTGGGGCCAAGGCACCACTCTCACAGTCTCCTCA,CAGGCTGTTGTGACTCAGGAATCTGCACTCACCACATCACCTGGTGGAACAGTCATACTCACTTGTCGCTCAAGTACTGGGGCTGTTACAACTAGTAACTATGCCAACTGGGTTCAAGAAAAACCAGATCATTTATTCACTGGTCTAATAGGTGGTACCAGCAACCGAGCTCCAGGTGTTCCTGTCAGATTCTCAGGCTCCCTGATTGGAGACAAGGCTGCCCTCACCATCACAGGGGCACAGACTGAGGATGATGCAATGTATTTCTGTGCTCTATGGTACAGCACCCATTCTGGGTGTTCGGTGGAGGAACCAAACTGACTGTCCTAG,0,,,[],1
CATAGTCATATATTTACCCACGCGCT,CAGGTCCAACTGCAGCAGCCTGGGGCTGAGCTTGTGAAGCCTGGGGCTTCAGTGAAGCTGTCCTGCAAGGCTTCTGGCTACACCTTCACCAGCTACTGGATGCACTGGGTGAAGCAGAGCCTGGACGAGGCCTTGAGTGGATTGGAAGGATTGATCCTAATAGTGGTGGTACTAAGTACAATGAGAAGTTCAAGAGCAAGGCCACACTGACTGTAGACAAACCCTCCAGCACAGCCTACATGCAGCTCAGCAGCCTGACATCTGAGGACTCTGCGGTCTATTATTGTGCAAGACAACTGGGACACTACTTTGACTACTGGGGCCAAGGCACCACTCTCACAGTCTCCTCA,CAGGCTGTTGTGACTCAGGAATCTGCACTCACCACATCACCTGGTGGAACAGTCATACTCACTTGTCGCTCAAGTACTGGGGCTGTTACAACTAGTAACTATGCCAACTGGGTTCAAGAAAAACCAGATCATTTATTCACTGGTCTAATAGGTGGTACCAGCAACCGAGCTCCAGGTGTTCCTGTCAGATTCTCAGGCTCCCTGATTGGAGACAAGGCTGCCCTCACCATCACAGGGGCACAGACTGAGGATGATGCAATGTATTTCTGTGCTCTATGGTACAGCACCCATTTTATGTTTTCGGCGGTGGAACCAAGGTCACTGTCCTAG,0,,,[<cell.Cell object at 0x12d2e3e90>],1
GCAGTGCACGGGAAGGCGGAATCCCC,CAGGTCCAACTGCAGCAGCCTGGGGCTGAGCTTGTGAAGCCTGGGGCTTCAGTGAAGCTGTCCTGCAAGGCTTCTGGCTACACCTTCACCAGCTACTGGATGCACTGGGTGAAGCAGAGCCTGGACGAGGCCTTGAGTGGATTGGAAGGATTGATCCTAATAGTGGTGGTACTAAGTACAATGAGAAGTTCAAGAGCAAGGCCACACTGACTGTAGACAAACCCTCCAGCACAGCCTACATGCAGCTCAGCAGCCTGACATCTGAGGACTCTGCGGTCTATTATTGTGCAAGACAACTGGGACACTACTTTGACTACTGGGGCCAAGGCACCACTCTCACAGTCTCCTCA,CAACTTGTGCTCACTCAGTCATCTTCAGCCTCTTTCTCCCTGGGAGCCTCAGCAAAACTCACGTGCACCTTGAGTAGTCAGCACAGTACGTACACCATTGAATGGTATCAGCAACAGCCACTCAAGCCTCCTAAGTATGTGATGGAGCTTAAGAAAGATGGAAGCCACAGCACAGGTGATGGGATTCCTGATCGCTTCTCTGGATCCAGCTCTGGTGCTGATCGCTACCTTAGCATTTCCAACATCCAGCCTGAAGATGAAGCAATATACATCTGTGGTGTGGGTGATACAATTAAGGAACAATTTGTGCTGGGTGTTCGGTGGAGGAACCAAACTGACTGTCCTAG,0,,,[<cell.Cell object at 0x12d2e3f90>],1
ATATGCCCTACGATTAGCGTACGGTC,CAGGTCCAACTGCAGCAGCCTGGGGCTGAGCTTGTGAAGCCTGGGGCTTCAGTGAAGCTGTCCTGCAAGGCTTCTGGCTACACCTTCACCAGCTACTGGATGCACTGGGTGAAGCAGAGCCTGGACGAGGCCTTGAGTGGATTGGAAGGATTGATCCTAATAGTGGTGGTACTAAGTACAATGAGAAGTTCAAGAGCAAGGCCACACTGACTGTAGACAAACCCTCCAGCACAGCCTACATGCAGCTCAGCAGCCTGACATCTGAGGACTCTGCGGTCTATTATTGTGCAAGACAACTGGGACACTACTTTGACTACTGGGGCCAAGGCACCACTCTCACAGTCTCCTCA,CAACTTGTGCTCACTCAGTCATCTTCAGCCTCTTTCTCCCTGGGAGCCTCAGCAAAACTCACGTGCACCTTGAGTAGTCAGCACAGTACGTACACCATTGAATGGTATCAGCAACAGCCACTCAAGCCTCCTAAGTATGTGATGGAGCTTAAGAAAGATGGAAGCCACAGCACAGGTGATGGGATTCCTGATCGCTTCTCTGGATCCAGCTCTGGTGCTGATCGCTACCTTAGCATTTCCAACATCCAGCCTGAAGATGAAGCAATATACATCTGTGGTGTGGGTGATACAATTAAGGAACAATTTGTGTTATGTTTTCGGCGGTGGAACCAAGGTCACTGTCCTAG,0,,,[],1
TCAAGTTCGACTAAATTTTAGTCTGC,CAGGTCCAACTGCAGCAGCCTGGGGCTGAGCTTGTGAAGCCTGGGGCTTCAGTGAAGCTGTCCTGCAAGGCTTCTGGCTACACCTTCACCAGCTACTGGATGCACTGGGTGAAGCAGAGCCTGGACGAGGCCTTGAGTGGATTGGAAGGATTGATCCTAATAGTGGTGGTACTAAGTACAATGAGAAGTTCAAGAGCAAGGCCACACTGACTGTAGACAAACCCTCCAGCACAGCCTACATGCAGCTCAGCAGCCTGACATCTGAGGACTCTGCGGTCTATTATTGTGCAAGACAACTGGGACACTACTTTGACTACTGGGGCCAAGGCACCACTCTCACAGTCTCCTCA,CAACTTGTGCTCACTCAGTCATCTTCAGCCTCTTTCTCCCTGGGAGCCTCAGCAAAACTCACGTGCACCTTGAGTAGTCAGCACAGTACGTACACCATTGAATGGTATCAGCAACAGCCACTCAAGCCTCCTAAGTATGTGATGGAGCTTAAGAAAGATGGAAGCCACAGCACAGGTGATGGGATTCCTGATCGCTTCTCTGGATCCAGCTCTGGTGCTGATCGCTACCTTAGCATTTCCAACATCCAGCCTGAAGATGAAGCAATATACATCTGTGGTGTGGGTGATACAATTAAGGAACAATTTGTGGTTTATTTTCGGCAGTGGAACCAAGGTCACTGTCCTAG,0,,,[<cell.Cell object at 0x12d2c80d0>],1
ACCGGAGTCTGTATGTACCGCTACTT,CAGGTCCAACTGCAGCAGCCTGGGGCTGAGCTTGTGAAGCCTGGGGCTTCAGTGAAGCTGTCCTGCAAGGCTTCTGGCTACACCTTCACCAGCTACTGGATGCACTGGGTGAAGCAGAGCCTGGACGAGGCCTTGAGTGGATTGGAAGGATTGATCCTAATAGTGGTGGTACTAAGTACAATGAGAAGTTCAAGAGCAAGGCCACACTGACTGTAGACAAACCCTCCAGCACAGCCTACATGCAGCTCAGCAGCCTGACATCTGAGGACTCTGCGGTCTATTATTGTGCAAGACAACTGGGACACTACTTTGACTACTGGGGCCAAGGCACCACTCTCACAGTCTCCTCA,CAGGCTGTTGTGACTCAGGAATCTGCACTCACCACATCACCTGGTGAAACAGTCACACTCACTTGTCGCTCAAGTACTGGGGCTGTTACAACTAGTAACTATGCCAACTGGGTCCAAGAAAAACCAGATCATTTATTCACTGGTCTAATAGGTGGTACCAACAACCGAGCTCCAGGTGTTCCTGCCAGCTTCTCAGGCTCCCTGATTGGAGACAAGGCTGCCCTCACCATCACAGGGGCACAGACTGAGGATGAGGCAATATATTTCTGTGCTCTATGGTACAGCAACCATTCTGGGTGTTCGGTGGAGGAACCAAACTGACTGTCCTAG,1,ACCGGAGTCTGTATGTACCGCTACTT,2,"[<cell.Cell object at 0x12d2c8250>, <cell.Cell object at 0x12d2c8250>]",1
CCAGCGTGGGTATCAATCTCCCGACG,CAGGTCCAACTGCAGCAGCCTGGGGCTGAGCTTGTGAAGCCTGGGGCTTCAGTGAAGCTGTCCTGCAAGGCTTCTGGCTACACCTTCACCAGCTACTGGATGCACTGGGTGAAGCAGAGCCTGGACGAGGCCTTGAGTGGATTGGAAGGATTGATCCTAATAGTGGTGGTACTAAGTACAATGAGAAGTTCAAGAGCAAGGCCACACTGACTGTAGACAAACCCTCCAGCACAGCCTACATGCAGCTCAGCAGCCTGACATCTGAGGACTCTGCGGTCTATTATTGTGCAAGACAACTGGGACACTACTTTGACTACTGGGGCCAAGGCACCACTCTCACAGTCTCCTCA,NNNNNNNNNNTTACTCAGCCAAGCTCTGTGTCTACGTCTCTAGGAAGCACAGTCAAACTGCCTTGCAAGCGCAGCACTGGTAACATTGGAAACGACTATGCGCACTGGTACCAGCAACACATGGGAAGATCTCCCACCAATATGATCTATAGAGATGATCAGCGACCATCTGGAGTTTCTGATAGGTTCTCTGGCTCCATTGACAGCTCTTCCAACTCAGCCTTCCTGACAATCAATAATGTGCAGGCTGAGGATNNNNNNNNNNNNNNNNNNGTTTATTTTCGGCAGTGGAACCAAGGTCACTGTCCTAG,1,CCAGCGTGGGTATCAATCTCCCGACG,2,[],1
CCAGCGTGGGTATCAATCTCCCGACG,CAGGTCCAACTGCAGCAGCCTGGGGCTGAGCTTGTGAAGCCTGGGGCTTCAGTGAAGCTGTCCTGCAAGGCTTCTGGCTACACCTTCACCAGCTACTGGATGCACTGGGTGAAGCAGAGCCTGGACGAGGCCTTGAGTGGATTGGAAGGATTGATCCTAATAGTGGTGGTACTAAGTACAATGAGAAGTTCAAGAGCAAGGCCACACTGACTGTAGACAAACCCTCCAGCACAGCCTACATGCAGCTCAGCAGCCTGACATCTGAGGACTCTGCGGTCTATTATTGTGCAAGACAACTGGGACACTACTTTGACTACTGGGGCCAAGGCACCACTCTCACAGTCTCCTCA,NNNNNNNNNNTTACTCAGCCAAGCTCTGTGTCTACGTCTCTAGGAAGCACAGTCAAACTGCCTTGCAAGCGCAGCACTGGTAACATTGGAAACGACTATGCGCACTGGTACCAGCAACACATGGGAAGATCTCCCACCAATATGATCTATAGAGATGATCAGCGACCATCTGGAGTTTCTGATAGGTTCTCTGGCTCCATTGACAGCTCTTCCAACTCAGCCTTCCTGACAATCAATAATGTGCAGGCTGAGGATNNNNNNNNNNNNNNNNNNGTTTATTTTCGGCAGTGGAACCAAGGTCACTGTCCTAG,1,CCAGCGTGGGTATCAATCTCCCGACG,2,[],1
AACCTCTCTAGCCTGGCGACTGGGTA,CAGGTCCAACTGCAGCAGCCTGGGGCTGAGCTTGTGAAGCCTGGGGCTTCAGTGAAGCTGTCCTGCAAGGCTTCTGGCTACACCTTCACCAGCTACTGGATGCACTGGGTGAAGCAGAGCCTGGACGAGGCCTTGAGTGGATTGGAAGGATTGATCCTAATAGTGGTGGTACTAAGTACAATGAGAAGTTCAAGAGCAAGGCCACACTGACTGTAGACAAACCCTCCAGCACAGCCTACATGCAGCTCAGCAGCCTGACATCTGAGGACTCTGCGGTCTATTATTGTGCAAGACAACTGGGACACTACTTTGACTACTGGGGCCAAGGCACCACTCTCACAGTCTCCTCA,NNNNNNNNNNTTACTCAGCCAAGCTCTGTGTCTACATCTCTAGGAAGCACAGTCAAACTGTCTTGCAAGCGCAGCACTGGTAACATTGGAAACAACTATGTGAACTGGTACCAGCAATACATGGGAAGATCTCCCACTAATATGATCTATGGAGATGATCAGCGACCAACTGGGGTTTCTGATAGGTTCTCTGGCTCCATTGACAGCTCTTCCAACTCAGCCTTCCTGACAATCAATAATGTGCAGGCTGAGGATNNNNNNNNNNNNNNNNNNTTATGTTTTCGGCGGTGGAACCAAGGTCACTGTCCTAG,1,AACCTCTCTAGCCTGGCGACTGGGTA,2,[],1
TACGTGTGTGCCGCAACCGAATGTTC,CAGGTCCAACTGCAGCAGCCTGGGGCTGAGCTTGTGAAGCCTGGGGCTTCAGTGAAGCTGTCCTGCAAGGCTTCTGGCTACACCTTCACCAGCTACTGGATGCACTGGGTGAAGCAGAGCCTGGACGAGCCCTTGAGTGGATTGGAAGGATTGATCCTAATAGTGGTGGTACTAAGTACAATGAGAAGTTCAAGAGCAAGGCCACACTGACTGTAGACAAACCCTCCAGCACAGCCTACATGCAGCTCAGCAGCCTGACATCTGAGGACTCTGCGGTCTATTATTGTGCAAGACAACTGGGACACTACTTTGACTACTGGGGCCAAGGCACCACTCTCACAGTCTCCTCA,CAGGCTGTTGTGACTCAGGAATCTGCACTCACCACATCACCTGGTGGAACAGTCATACTCACTTGTCGCTCAAGTACTGGGGCTGTTACAACTAGTAACTATGCCAACTGGGTTCAAGAAAAACCAGATCATTTATTCACTGGTCTAATAGGTGGTACCAGCAACCGAGCTCCAGGTGTTCCTGTCAGATTCTCAGGCTCCCTGATTGGAGACAAGGCTGCCCTCACCATCACAGGGGCACAGACTGAGGATGATGCAATGTATTTCTGTGCTCTATGGTACAGCACCCATTGTTTATTTTCGGCAGTGGAACCAAGGTCACTGTCCTAG,1,TACGTGTGTGCCGCAACCGAATGTTC,<cell.Cell object at 0x12d2e3f10>,"[<cell.Cell object at 0x12d2c8610>, <cell.Cell object at 0x12d2c8610>, <cell.Cell object at 0x12d2c8610>]",2
TACGTGTGTGCCGCAACCGAATGTTC,CAGGTCCAACTGCAGCAGCCTGGGGCTGAGCTTGTGAAGCCTGGGGCTTCAGTGAAGCTGTCCTGCAAGGCTTCTGGCTACACCTTCACCAGCTACTGGATGCACTGGGTGAAGCAGAGCCTGGACGAGCCCTTGAGTGGATTGGAAGGATTGATCCTAATAGTGGTGGTACTAAGTACAATGAGAAGTTCAAGAGCAAGGCCACACTGACTGTAGACAAACCCTCCAGCACAGCCTACATGCAGCTCAGCAGCCTGACATCTGAGGACTCTGCGGTCTATTATTGTGCAAGACAACTGGGACACTACTTTGACTACTGGGGCCAAGGCACCACTCTCACAGTCTCCTCA,CAGGCTGTTGTGACTCAGGAATCTGCACTCACCACATCACCTGGTGGAACAGTCATACTCACTTGTCGCTCAAGTACTGGGGCTGTTACAACTAGTAACTATGCCAACTGGGTTCAAGAAAAACCAGATCATTTATTCACTGGTCTAATAGGTGGTACCAGCAACCGAGCTCCAGGTGTTCCTGTCAGATTCTCAGGCTCCCTGATTGGAGACAAGGCTGCCCTCACCATCACAGGGGCACAGACTGAGGATGATGCAATGTATTTCTGTGCTCTATGGTACAGCACCCATTGTTTATTTTCGGCAGTGGAACCAAGGTCACTGTCCTAG,1,TACGTGTGTGCCGCAACCGAATGTTC,<cell.Cell object at 0x12d2e3f10>,"[<cell.Cell object at 0x12d2c8610>, <cell.Cell object at 0x12d2c8610>, <cell.Cell object at 0x12d2c8610>]",2
ATACGGTTCCGCCATGGGCTCCTCAA,CAGGTCCAACTGCAGCAGCCTGGGGCTGAGCTTGTGAAGCCTGGGGCTTCAGTGAAGCTGTCCTGCAAGGCTTCTGGCCACACCTTCACCAGCTACTGGATGCACTGGGTGAAGCAGAGCCTGGACGAGGCCTTGAGTGGATTGGAAGGATTGATCCTAATAGTGGTGGTACTAAGTACAATGAGAAGTTCAAGAGCAAGGCCACACTGACTGTAGACAAACCCTCCAGCACAGCCTACATGCAGCTCAGCAGCCTGACATCTGAGGACTCTGCGGTCTATTATTGTGCAAGACAACTGGGACACTACTTTGACTACTGGGGCCAAGGCACCACTCTCACAGTCTCCTCA,NNNNNNNNNNTTACTCAGCCAAGCTCTGTGTCTACGTCTCTAGGAAGCACAGTCAAACTGTCTTGCAAGCCCAGCACTGGTAAAATTGGAAATTACTTTATGAGCTGGTACCAGCAACACATGGGAAGATCTCCCACAAATATGATCTATAGAGATGATCTCCGACCATCTGGAGTTTCTGATAGGTTCTCTGGCTCCATTGACAGCTCTTCCAACTCAGCCTTCCTGACAATCAATAATGTGCAGGCTGAGGATNNNNNNNNNNNNNNNNNNGTTTATTTTCGGCAGTGGAACCAAGGTCACTGTCCTAG,1,ATACGGTTCCGCCATGGGCTCCTCAA,<cell.Cell object at 0x12d2e3b90>,[<cell.Cell object at 0x12d2c86d0>],2
ACCGGAGTCTGTATGTACCGCTACTT,CAGGTCCAACTGCAGCAGCCTGGGGCTGAGCTTGTGAAGCCTGGGGCTTCAGTGAAGCTGTCCTGCAAGGCTTCTGGCTACACCTTCACCAGCTACTGGATGCACTGGGTGAAGCAGAGCCTGGACGAGGCCTTGAGTGGATTGGAAGGATTGATCCTAATAGTGGTGGTACTAAGTACAATGAGAAGTTCAAGAGCAAGGCCACACTGACTGTAGACAAACCCTCCAGCACAGCCTACATGCAGCTCAGCAGCCTGACATCTGAGGACTCTGCGGTCTATTATTGTGCAAGACAACTGGGACACTACTTTGACTACTGGGGCCAAGGCACCACTCTCTCAGTCTCCTCA,CAGGCTGTTGTGACTCAGGAATCTGCACTCACCACATCACCTGGTGAAACAGTCACACTCACTTGTCGCTCAAGTACTGGGGCTGTTACAACTAGTAACTATGCCAACTGGGTCCAAGAAAAACCAGATCATTTATTCACTGGTCTAATAGGTGGTACCAACAACCGAGCTCCAGGTGTTCCTGCCAGATTCTCAGGCTCCCTGATTGGAGACAAGGCTGCCCTCACCATCACAGGGGCACAGACTGAGGATGAGGCAATATATTTCTGTGCTCTATGGTACAGCAACCATTCTGGGTGTTCGGTGGAGGAACCAAACTGACTGTCCTAG,1,ACCGGAGTCTGTATGTACCGCTACTT,<cell.Cell object at 0x12d2e3c90>,[<cell.Cell object at 0x12d2c8790>],2
ACCGGAGTCTGTATGTACCGCTACTT,CAGGTCCAACTGCAGCAGCCTGGGGCTGAGCTTGTGAAGCCTGGGGCTTCAGTGAAGCTGTCCTGCAAGGCTTCTGGCTACACCTTCACCAGCTACTGGATGCACTGGGTGAAGCAGAGCCTGGACGAGGCCTTGAGTGGATTGGAAGGATTGATCCTAATAGTGGTGGTACTAAGTACAATGAGAAGTTCAAGAGCAAGGCCACACTGACTGTAGACAAACCCTCCAGCACAGCCTACATGCAGCTCAGCAGCCTGACATCTGAGGACTCTGCGGTCTATTATTGTGCAAGACAACTGGGACACTACTTTGACTACTGGGGCCAAGGCACCACTCTCTCAGTCTCCTCA,CAGGCTGTTGTGACTCAGGAATCTGCACTCACCACATCACCTGGTGAAACAGTCACACTCACTTGTCGCTCAAGTACTGGGGCTGTTACAACTAGTAACTATGCCAACTGGGTCCAAGAAAAACCAGATCATTTATTCACTGGTCTAATAGGTGGTACCAACAACCGAGCTCCAGGTGTTCCTGCCAGATTCTCAGGCTCCCTGATTGGAGAAAAGGCTGCCCTCACCATCACAGGGGCACAGACTGAGGATGAGGCAATATATTTCTGTGCTCTATGGTACAGCAACCATTCTGGGTGTTCGGTGGAGGAACCAAACTGACTGTCCTAG,2,ACCGGAGTCTGTATGTACCGCTACTT,3,[<cell.Cell object at 0x12d2c8890>],1
ACCGGAGTCTGTATGTACCGCTACTT,CAGGTCCAACTGCAGCAGCCTGGGGCTGAGCTTGTGAAGCCTGGGGCTTCAGTGAAGCTGTCCTGCAAGGCTTCTGGCTACACCTTCACCAGCTACTGGATGCACTGGGTGAAGCAGAGCCTGGACGAGGCCTTGAGTGGATTGGAAGGATTGATCCTAATAGTGGTGGTACTAAGTACAATGAGAAGTTCAAGAGCAAGGCCACACTGACTGTAGACAAACCCTCCAGCACAGCCTACATGCAGCTCAGCAGCCTGACATCTGAGGACTCTGCGGTCTATTATTGTGCAAGACAACTGGGACACTACTTTGACTACTGGGGCCAAGGCACCACTCTCTCAGTCTCCTCA,CAGGCTGTTGTGACTCAGGAATCTGCACTCACCACATCACCTGGTGAAACAGTCACACTCACTTGTCGCTCAAGTACTGGGGCTGTTACAACTAGTAACTATGCCAACTGGGTCCAAGAAAAACCAGATCATTTATTCACTGGTCTAATAGGTGGTACCAACAACCGAGCTCCAGGTGTTCCTGCCAGATTCTCAGGCTCCCTGATTGGAGAAAAGGCTGCCCTCACCATCACAGGGGCACAGACTGAGGATGAGGCAATATATTTCTGTGCTCTATGGTACAGCAACCATTCTGGGTGTTCGGTGGAGGAACCAAACTGACTGTCCTAG,2,ACCGGAGTCTGTATGTACCGCTACTT,3,[<cell.Cell object at 0x12d2c8890>],1
GCCTTCAGAGCCCTATTGCACTGATC,CAGGTCCAACTGCAGCAGCCTGGGGCTGAGCTTGTGAAGCCTGGGGCTTCAGTGAAGCTGTCCTGCAAGGCTTCTGGCTACACCTTCACCAGCTACTGGATGCACTGGGTGAAGCAGAGCCTGGACGAGGCCTTGAGTGGATTGGAAGGATTGATCCTAATAGTGGTGGTACTAAGTACAATGAGAAGTTCAAGAGCAAGGCCACACTGACTGTAGACAAACCCTCCAGCACAGCCTACATGCAGCTCAGCAGCCTGACATCTGAGGACTCTGCGGTCTATTATTGTGCAAGACAACTGGGACACTACTTTGACTACTGGGGCCAAGGCACCACTCTCACAGTCTCCTCA,NNNNNNNNNNTTACTCAGCCAAGCTCTGTGTCTACGTCTCTAGGAAGCACAGTCAAACTGCCTTGCAAGCGCAGCACTGGTAACATTGGAAACGACTATGTGCACTGGTACCAGCAACACATGGGAAGATCTCCCACCAATATGATCTATAGAGATGATCAGCGACCATCTGGAGTTTCTGATAGGTTCTCTGGCTCCATTGACAGCTCTTCCAACTAAGCCTTCCTGACAATCAATAATGTGCAGGCTGAGGATNNNNNNNNNNNNNNNNNNCTGGGTGTTCGGTGGAGGAACCAAACTGACTGTCCTAG,1,GCCTTCAGAGCCCTATTGCACTGATC,2,[],1
GCCTTCAGAGCCCTATTGCACTGATC,CAGGTCCAACTGCAGCAGCCTGGGGCTGAGCTTGTGAAGCCTGGGGCTTCAGTGAAGCTGTCCTGCAAGGCTTCTGGCTACACCTTCACCAGCTACTGGATGCACTGGGTGAAGCAGAGCCTGGACGAGGCCTTGAGTGGATTGGAAGGATTGATCCTAATAGTGGTGGTACTAAGTACAATGAGAAGTTCAAGAGCAAGGCCACACTGACTGTAGACAAACCCTCCAGCACAGCCTACATGCAGCTCAGCAGCCTGACATCTGAGGACTCTGCGGTCTATTATTGTGCAAGACAACTGGGACACTACTTTGACTACTGGGGCCAAGGCACCACTCTCACAGTCTCCTCA,NNNNNNNNNNTTACTCAGCCAAGCTCTGTGTCTACGTCTCTAGGAAGCACAGTCAAACTGCCTTGCAAGCGCAGCACTGGTAACATTGGAAACGACTATGTGCACTGGTACCAGCAACACATGGGAAGATCTCCCACCAATATGATCTATAGAGATGATCAGCGACCATCTGGAGTTTCTGATAGGTTCTCTGGCTCCATTGACAGCTCTTCCAACTAAGCCTTCCTGACAATCAATAATGTGCAGGCTGAGGATNNNNNNNNNNNNNNNNNNCTGGGTGTTCGGTGGAGGAACCAAACTGACTGTCCTAG,1,GCCTTCAGAGCCCTATTGCACTGATC,2,[],1
ACCGGAGTCTGTATGTACCGCTACTT,CAGGTCCAACTGCAGCAGCCTGGGGCTGAGCTTGTGAAGCCTGGGGCTTCAGTGAAGCTGTCCTGCAAGGCTTCTGGCTACACCTTCACCAGCTACTGGATGCACTGGGTGAAGCAGAGCCTGGACGAGGCCTTGAGTGGATTGGAAGGATTGATCCTAATAGTGGTGGTACTAAGTACAATGAGAAGTTCAAGAGCAAGGCCACACTGACTGTAGACAAACCCTCCAGCACAGCCTACATGCAGCTCAGCAGCCTGACATCTGAGGACTCTGCGGTCTATTATTGTGCAAGACAACTGGGACACTACTTTGACTACTGGGGCCAAGGCACCACTCTCACAGTCTCCTCA,CAGGCTGTTGTGACTCAGGAATCTGCACTCACCACATCACCTGGTGAAACAGTCACACTCACTTGTCGCTCAAGTACTGGGGCTGTTACAACTAGTAACTATGCCAACTGGGTCCAAGAAAAACCAGATCATTTATTCACTGGTCTAATAGGTGGTACCAACAACCGAGCTCCAGGTGTTCCTGCCAGCTTCTCAGGCTCCCTGATTGGAGTCAAGGCTGCCCTCACCATCACAGGGGCACAGACTGAGGATGAGGCAATATATTTCTGTGCTCTATGGTACAGCAACCATTCTGGGTGTTCGGTGGAGGAACCAAACTGACTGTCCTAG,2,ACCGGAGTCTGTATGTACCGCTACTT,2,[<cell.Cell object at 0x12d2c8a10>],1
ACCGGAGTCTGTATGTACCGCTACTT,CAGGTCCAACTGCAGCAGCCTGGGGCTGAGCTTGTGAAGCCTGGGGCTTCAGTGAAGCTGTCCTGCAAGGCTTCTGGCTACACCTTCACCAGCTACTGGATGCACTGGGTGAAGCAGAGCCTGGACGAGGCCTTGAGTGGATTGGAAGGATTGATCCTAATAGTGGTGGTACTAAGTACAATGAGAAGTTCAAGAGCAAGGCCACACTGACTGTAGACAAACCCTCCAGCACAGCCTACATGCAGCTCAGCAGCCTGACATCTGAGGACTCTGCGGTCTATTATTGTGCAAGACAACTGGGACACTACTTTGACTACTGGGGCCAAGGCACCACTCTCACAGTCTCCTCA,CAGGCTGTTGTGACTCAGGAATCTGCACTCACCACATCACCTGGTGAAACAGTCACACTCACTTGTCGCTCAAGTACTGGGGCTGTTACAACTAGTAACTATGCCAACTGGGTCCAAGAAAAACCAGATCATTTATTCACTGGTCTAATAGGTGGTACCAACAACCGAGCTCCAGGTGTTCCTGCCAGCTTCTCAGGCTCCCTGATTGGAGTCAAGGCTGCCCTCACCATCACAGGGGCACAGACTGAGGATGAGGCAATATATTTCTGTGCTCTATGGTACAGCAACCATTCTGGGTGTTCGGTGGAGGAACCAAACTGACTGTCCTAG,2,ACCGGAGTCTGTATGTACCGCTACTT,2,[<cell.Cell object at 0x12d2c8a10>],1
ACCGGAGTCTGTATGTACCGCTACTT,CAGGTCCAACTGCAGCAGCCTGGGGCTGAGCTTGTGAAGCCTGGGGCTTCAGTGAAGCTGTCCTGCAAGGCTTCTGGCTACACCTTCACCAGCTACTGGATGCACTGGGTGAAGCAGAGCCTGGACGAGGCCTTGAGTGGATTGGAAGGATTGATCCTAATAGTGGTGGTACTAAGTACAATGAGAAGTTCAAGAGCAAGGCCACACTGACTGTAGACAAACCCTCCAGCACAGCCTACATGCAGCTCAGCAGCCTGACATCTGAGGACTCTGCGGTCTATTATTGTGCAAGACAACTGGGACACTACTTTGACTACTGGGGCCAAGGCACCACTCTCTCAGTCTCCTCA,CAGGCTGTTGTGACTCAGGAATCTGCACTCACCACATCACCTGGTGAAACAGTCACACTCACTTGTCGCTCAAGTACTGGGGCTGTAACAACTAGTAACTATGCCAACTGGGTCCAAGAAAAACCAGATCATTTATTCACTGGTCTAATAGGTGGTACCAACAACCGAGCTCCAGGTGTTCCTGCCAGATTCTCAGGCTCCCTGATTGGAGAAAAGGCTGCCCTCACCATCACAGGGGCACAGACTGAGGATGAGGCAATATATTTCTGTGCTCTATGGTACAGCAACCATTCTGGGTGTTCGGTGGAGGAACCAAACTGACTGTCCTAG,3,ACCGGAGTCTGTATGTACCGCTACTT,2,[<cell.Cell object at 0x12d2c8b10>],1
ACCGGAGTCTGTATGTACCGCTACTT,CAGGTCCAACTGCAGCAGCCTGGGGCTGAGCTTGTGAAGCCTGGGGCTTCAGTGAAGCTGTCCTGCAAGGCTTCTGGCTACACCTTCACCAGCTACTGGATGCACTGGGTGAAGCAGAGCCTGGACGAGGCCTTGAGTGGATTGGAAGGATTGATCCTAATAGTGGTGGTACTAAGTACAATGAGAAGTTCAAGAGCAAGGCCACACTGACTGTAGACAAACCCTCCAGCACAGCCTACATGCAGCTCAGCAGCCTGACATCTGAGGACTCTGCGGTCTATTATTGTGCAAGACAACTGGGACACTACTTTGACTACTGGGGCCAAGGCACCACTCTCTCAGTCTCCTCA,CAGGCTGTTGTGACTCAGGAATCTGCACTCACCACATCACCTGGTGAAACAGTCACACTCACTTGTCGCTCAAGTACTGGGGCTGTAACAACTAGTAACTATGCCAACTGGGTCCAAGAAAAACCAGATCATTTATTCACTGGTCTAATAGGTGGTACCAACAACCGAGCTCCAGGTGTTCCTGCCAGATTCTCAGGCTCCCTGATTGGAGAAAAGGCTGCCCTCACCATCACAGGGGCACAGACTGAGGATGAGGCAATATATTTCTGTGCTCTATGGTACAGCAACCATTCTGGGTGTTCGGTGGAGGAACCAAACTGACTGTCCTAG,3,ACCGGAGTCTGTATGTACCGCTACTT,2,[<cell.Cell object at 0x12d2c8b10>],1
TACGTGTGTGCCGCAACCGAATGTTC,CAGGTCCAACTGCAGCAGCCTGGGGCTGAGCTTGTGAAGCCTGGGGCTTCAGTGAAGCTGTCCTGCAAGGCTTCTGGCTACACCTTCACCAGCTACTGGATGCACTGGGTGAAGCAGAGCCTGGACGAGCCCTTGAGTGGATTGGAAGGATTGATCCTAATAGTGGTGGTACTAAGTACAATGAGAAGTTCAAGAGCAAGGCCACACTGACTGTAGACAAACCCTCCAGCACAGCCTACATGCAGCTCAGCAGCCTGACATCTGAGGACTCTGCGGTCTATTATTGTGCAAGACAACTGGGACACTACTTTGACTACTGGGGCCAAGGCACCACTCTCACAGTCTCCTCA,CAGGCTGTTGTGACTCAGGAATCTGCACTCACCACATCACCTGGTGGAACAGTCATACTCACTTGTCGCTCAAGTACTGGGGCTGTTACAACTAGTAACTATGCCAACTGGGTTCAAGAAAAACCAGATCATTTATTCACTGGTCTAATAGGTGGTACCAGCAACCGAGCTCCAGGTGTTCCTGTCAGATTCTCAGGCTCCCTGATTGGAGACAAGGCTGCCCTCACCATCACAGGGGCACAGACTGAGGATGATGCAATGTATTTCTGTGCTCTATGGTACAGCACCCATTGTTTATTTTCGGGAGTGGAACCAAGGTCACTGTCCTAG,2,TACGTGTGTGCCGCAACCGAATGTTC,3,[<cell.Cell object at 0x12d2c8c90>],1
TACGTGTGTGCCGCAACCGAATGTTC,CAGGTCCAACTGCAGCAGCCTGGGGCTGAGCTTGTGAAGCCTGGGGCTTCAGTGAAGCTGTCCTGCAAGGCTTCTGGCTACACCTTCACCAGCTACTGGATGCACTGGGTGAAGCAGAGCCTGGACGAGCCCTTGAGTGGATTGGAAGGATTGATCCTAATAGTGGTGGTACTAAGTACAATGAGAAGTTCAAGAGCAAGGCCACACTGACTGTAGACAAACCCTCCAGCACAGCCTACATGCAGCTCAGCAGCCTGACATCTGAGGACTCTGCGGTCTATTATTGTGCAAGACAACTGGGACACTACTTTGACTACTGGGGCCAAGGCACCACTCTCACAGTCTCCTCA,CAGGCTGTTGTGACTCAGGAATCTGCACTCACCACATCACCTGGTGGAACAGTCATACTCACTTGTCGCTCAAGTACTGGGGCTGTTACAACTAGTAACTATGCCAACTGGGTTCAAGAAAAACCAGATCATTTATTCACTGGTCTAATAGGTGGTACCAGCAACCGAGCTCCAGGTGTTCCTGTCAGATTCTCAGGCTCCCTGATTGGAGACAAGGCTGCCCTCACCATCACAGGGGCACAGACTGAGGATGATGCAATGTATTTCTGTGCTCTATGGTACAGCACCCATTGTTTATTTTCGGGAGTGGAACCAAGGTCACTGTCCTAG,2,TACGTGTGTGCCGCAACCGAATGTTC,3,[<cell.Cell object at 0x12d2c8c90>],1
AACCTCTCTAGCCTGGCGACTGGGTA,CAGGTCCAACTGCAGCAGCCTGGGGCTGAGCTTGTGAAGCCTGGGGCTTCAGTGAAGCTGTCCTGCAAGGCTTCTGGCTACACCTTCACCAGCTACTGGATGCACTGGGTGAAGCAGAGCCTGGACGAGGCCTTGAGTGGATTGGAAGGATTGATCCTAATAGTGGTGGTACTAAGTACAATGAGAAGTTCAAGAGCAAGGCCACACTGACTGTAGACAAACCCTCCAGCACAGCCTACATGCAGCTCAGCAGCCTGACATCTGAGGACTCTGCGGTCTATTATTGTGCAAGACAACTGGGACACTACTTTGACTACTGGGGCCAAGGCACCACTCTCACAGTCTCCTCA,NNNNNNNNNNTTACTCAGCCAAGCTCTGTGTCTACATCTCTAGGAAGCACAGTCAAACTGTCTTGCAAGCGCAGCACTGGTAACATTGGAAACAACTATGTAAACTGGTACCAGCAATACATGGGAAGATCTCCCACTAATATGATCTATGGAGATGATCAGCGACCAACTGGAGTTTCTGATAGGTTCTCTGGCTCCATTGACAGCTCTTCCAACTCAGCCTTCCTGACAATCAATAATGTGCAGGCTGAGGATNNNNNNNNNNNNNNNNNNTTATGTTTTCGGCGGTGGAACCAAGGTCACTGTCCTAG,1,AACCTCTCTAGCCTGGCGACTGGGTA,2,[<cell.Cell object at 0x12d2c8d90>],1
GCAGTGCACGGGAAGGCGGAATCCCC,CAGGTCCAACTGCAGCAGCCTGGGGCTGAGCTTGTGAAGCCTGGGGCTTCAGTGAAGCTGTCCTGCAAGGCTTCTGGCTACACCTTCACCAGCTACTGGATGCACTGGGTGAAGCAGAGCCTGGACGAGGCCTTGAGTGGATTGGAAGGATTGATCCTAATAGTGGTGGTACTAAGTACAATGAGAAGTTCAAGAGCAAGGCCACACTGACTGTAGACAAACCTTCCAGCACAGCCTACATGCAGCTCAGCAGCCTGACATCTGAGGACTCTGCGGTCTATTATTGTGCAAGACAACTGGGACACTACTTTGACTACTGGGGCCAAGGCACCACTCTCACAGTCTCCTCA,CAACTTGTGCTCACTCAGTCATCTTCAGCCTCTTTCTCCCTGGGAGCCTCAGCAAAACTCACGTGCACCTAGAGTAGTCAGCACAGTACGTACACCATTGAATGGTATCAGCAACAGCCACTCAAGCCTCCTAAGTATGTGATGGAGCTTAAGAAAGATGGAAGCCACAGCACAGGTGATGGGATTCCTGATCGCTTCTCTGGATCCAGCTCTGGTGCTGATCGCTACCTTAGCATTTCCAACATCCAGCCTGAAGATGAAGCAATATACATCTGTGGTGTGGGTGATACAATTAAGGAACAATTTGTGCTGGGTGTTCGGTGGAGGAACCAAACTGACTGTCCTAG,2,GCAGTGCACGGGAAGGCGGAATCCCC,3,[],1
GCAGTGCACGGGAAGGCGGAATCCCC,CAGGTCCAACTGCAGCAGCCTGGGGCTGAGCTTGTGAAGCCTGGGGCTTCAGTGAAGCTGTCCTGCAAGGCTTCTGGCTACACCTTCACCAGCTACTGGATGCACTGGGTGAAGCAGAGCCTGGACGAGGCCTTGAGTGGATTGGAAGGATTGATCCTAATAGTGGTGGTACTAAGTACAATGAGAAGTTCAAGAGCAAGGCCACACTGACTGTAGACAAACCTTCCAGCACAGCCTACATGCAGCTCAGCAGCCTGACATCTGAGGACTCTGCGGTCTATTATTGTGCAAGACAACTGGGACACTACTTTGACTACTGGGGCCAAGGCACCACTCTCACAGTCTCCTCA,CAACTTGTGCTCACTCAGTCATCTTCAGCCTCTTTCTCCCTGGGAGCCTCAGCAAAACTCACGTGCACCTAGAGTAGTCAGCACAGTACGTACACCATTGAATGGTATCAGCAACAGCCACTCAAGCCTCCTAAGTATGTGATGGAGCTTAAGAAAGATGGAAGCCACAGCACAGGTGATGGGATTCCTGATCGCTTCTCTGGATCCAGCTCTGGTGCTGATCGCTACCTTAGCATTTCCAACATCCAGCCTGAAGATGAAGCAATATACATCTGTGGTGTGGGTGATACAATTAAGGAACAATTTGTGCTGGGTGTTCGGTGGAGGAACCAAACTGACTGTCCTAG,2,GCAGTGCACGGGAAGGCGGAATCCCC,3,[],1
ACCGGAGTCTGTATGTACCGCTACTT,CAGGTCCAACTGCAGCAGCCTGGGGCTGAGCTTGTGAAGCCTGGGGCTTCAGTGAAGCTGCCCTGCAAGGCTTCTGGCTACACCTTCACCAGCTACTGGATGCACTGGGTGAAGCAGAGCCTGGACGAGGCCTTGAGTGGATTGGAAGGATTGATCCTAATAGTGGTGGTACTAAGTACAATGAGAAGTTCAAGAGCAAGGCCACACTGACTGTAGACAAACCCTCCAGCACAGCCTACATGCAGCTCAGCAGCCTGACATCTGAGGACTCTGCGGTCTATTATTGTGCAAGACAACTGGGACACTACTTTGACTACTGGGGCCAAGGCACCACTCTCACAGTCTCCTCA,CAGGCTGTTGTGACTCAGGAATCTGCACTCACCACATCACCTGGTGAAACAGTCACACTCACTTGTCGCTCAAGTACTGGGGCTGTTACAACTAGTAACTATGCCAACTGGGTCCAAGAAAAACCAGATCATTTATTCACTGGTCTAATAGGTGGTACCAACAACCGAGCTCCAGGTGTTCCTGCCAGATTCTCAGGCTCCCTGATTGGAGACAAGGCTGCCCTCACCATCACAGGGGCACAGACTGAGGATGAGGCAATATATTTCTGTGCTCTATGGTACAGCAACCATTCTGGGTGTTCGGTGGAGGAACCAAACTGACTGTCCTAG,1,ACCGGAGTCTGTATGTACCGCTACTT,<cell.Cell object at 0x12d2e3c90>,"[<cell.Cell object at 0x12d2c8f10>, <cell.Cell object at 0x12d2c8f10>]",2
ACCGGAGTCTGTATGTACCGCTACTT,CAGGTCCAACTGCAGCAGCCTGGGGCTGAGCTTGTGAAGCCTGGGGCTTCAGTGAAGCTGCCCTGCAAGGCTTCTGGCTACACCTTCACCAGCTACTGGATGCACTGGGTGAAGCAGAGCCTGGACGAGGCCTTGAGTGGATTGGAAGGATTGATCCTAATAGTGGTGGTACTAAGTACAATGAGAAGTTCAAGAGCAAGGCCACACTGACTGTAGACAAACCCTCCAGCACAGCCTACATGCAGCTCAGCAGCCTGACATCTGAGGACTCTGCGGTCTATTATTGTGCAAGACAACTGGGACACTACTTTGACTACTGGGGCCAAGGCACCACTCTCACAGTCTCCTCA,CAGGCTGTTGTGACTCAGGAATCTGCACTCACCACATCACCTGGTGAAACAGTCACACTCACTTGTCGCTCAAGTACTGGGGCTGTTACAACTAGTAACTATGCCAACTGGGTCCAAGAAAAACCAGATCATTTATTCACTGGTCTAATAGGTGGTACCAACAACCGAGCTCCAGGTGTTCCTGCCAGATTCTCAGGCTCCCTGATTGGAGACAAGGCTGCCCTCACCATCACAGGGGCACAGACTGAGGATGAGGCAATATATTTCTGTGCTCTATGGTACAGCAACCATTCTGGGTGTTCGGTGGAGGAACCAAACTGACTGTCCTAG,1,ACCGGAGTCTGTATGTACCGCTACTT,<cell.Cell object at 0x12d2e3c90>,"[<cell.Cell object at 0x12d2c8f10>, <cell.Cell object at 0x12d2c8f10>]",2
ACGTAGCAAAATTTCACGAAAGAGTA,CAGGTCCAACTGCAGCAGCCTGGGGCTGAGCTTGTGAAGCCTGGGGCTTCAGTGAAGCTGTCCTGCAAGGCTTCTGGCTACACCTTCACCAGCTACTGGATGCACTGGGTGAAGCAGAGCCTGGACGAGGCCTTGAGTGGATTGGAAGGATTGATCCTAATAGTGGTGGTACTAAGTACAATGAGAAGTTCAAGAGCAAGGCCACACTGACTGTAGACAAACCCTCCAGCACAGCCTACATGCAGCTCAGCAGCCTGACATCTGAGGACTCTGCGGTCTATTATTGTGCAAGACAACTGGGACACTACTTTGACTACTGGGGCCAAGGCACCACTCTCACAGTCTCCTCA,NNNNNNNNNNTTACTCAGCCAAGCTCTGTGTCTACGTCTCTAGGAAGCACAGTCAAACTGTCTTGCAAGCGCAGCACTGGTAACATTGGAAACAACTATGTGCACTGGTACCAGCAGTACATGGGAAGATCTGCCACCAATATGATCTATGATGATAATAAGCGACCATCTGGAGTTTCTGATAGGTTCTCTGGCTCCATTGACAGCTCTTCCAACTCAGCCTTCCTGACAATCAATAATGTGCAGGCTGAGGATNNNNNNNNNNNNNNNNNNTTATGTTTTCGGCGGTGGAACCAAGGTCACTGTCCTAG,1,ACGTAGCAAAATTTCACGAAAGAGTA,2,[],1
ACGTAGCAAAATTTCACGAAAGAGTA,CAGGTCCAACTGCAGCAGCCTGGGGCTGAGCTTGTGAAGCCTGGGGCTTCAGTGAAGCTGTCCTGCAAGGCTTCTGGCTACACCTTCACCAGCTACTGGATGCACTGGGTGAAGCAGAGCCTGGACGAGGCCTTGAGTGGATTGGAAGGATTGATCCTAATAGTGGTGGTACTAAGTACAATGAGAAGTTCAAGAGCAAGGCCACACTGACTGTAGACAAACCCTCCAGCACAGCCTACATGCAGCTCAGCAGCCTGACATCTGAGGACTCTGCGGTCTATTATTGTGCAAGACAACTGGGACACTACTTTGACTACTGGGGCCAAGGCACCACTCTCACAGTCTCCTCA,NNNNNNNNNNTTACTCAGCCAAGCTCTGTGTCTACGTCTCTAGGAAGCACAGTCAAACTGTCTTGCAAGCGCAGCACTGGTAACATTGGAAACAACTATGTGCACTGGTACCAGCAGTACATGGGAAGATCTGCCACCAATATGATCTATGATGATAATAAGCGACCATCTGGAGTTTCTGATAGGTTCTCTGGCTCCATTGACAGCTCTTCCAACTCAGCCTTCCTGACAATCAATAATGTGCAGGCTGAGGATNNNNNNNNNNNNNNNNNNTTATGTTTTCGGCGGTGGAACCAAGGTCACTGTCCTAG,1,ACGTAGCAAAATTTCACGAAAGAGTA,2,[],1
TACGTGTGTGCCGCAACCGAATGTTC,CAGGTCCAACTGCAGCAGCCTGGGGCTGAGCTTGTGAAGCCTGGGGCTTCAGTGAAGCTGTCCTGCAAGGCTTCTGGCTACACCTTCACCAGCTACTGGATGCACTGGGTGAAGCAGAGCCTGGACGAGCCCTTGAGTGGATTGGAAGGATTGATCCTAATAGTGGTGGTACTAAGTACAATGAGAAGTTCAAGAGCAAGGCCACACTGACTGTAGACAAACCCTCCAGCACAGCCTACATGCAGCTCAGCAGCCTGACATCTGAGGACTCTGCGGTCTATTATTGTGCAAGACAACTGGGACACTACTTTGACTACTGGGGCCAAGGCACCACTCTCACAGTCTCCTCA,CAGGCTGTTGTGACTCAGGAATCTGCACTCACCACATCACCTGGTGGAACAGTCATACTCACTTGTCGCTCAAGTACTGGGGCTGTTACAACTAGTAACTATGCCAACTGGGTTCAAGAAAAACCAGATCATTTATTCACTGGTCTAATAGGTGGTACCAGCAACCGAGCTCCAGGTGTTCCTGTCAGATTCTCAGGCACCCTGATTGGAGACAAGGCTGCCCTCACCATCACAGGGGCACAGACTGAGGATGATGCAATGTATTTCTGTGCTCTATGGTACAGCACCCATTGTTTATTTTCGGCAGTGGAACCAAGGTCACTGTCCTAG,2,TACGTGTGTGCCGCAACCGAATGTTC,3,[],1
TACGTGTGTGCCGCAACCGAATGTTC,CAGGTCCAACTGCAGCAGCCTGGGGCTGAGCTTGTGAAGCCTGGGGCTTCAGTGAAGCTGTCCTGCAAGGCTTCTGGCTACACCTTCACCAGCTACTGGATGCACTGGGTGAAGCAGAGCCTGGACGAGCCCTTGAGTGGATTGGAAGGATTGATCCTAATAGTGGTGGTACTAAGTACAATGAGAAGTTCAAGAGCAAGGCCACACTGACTGTAGACAAACCCTCCAGCACAGCCTACATGCAGCTCAGCAGCCTGACATCTGAGGACTCTGCGGTCTATTATTGTGCAAGACAACTGGGACACTACTTTGACTACTGGGGCCAAGGCACCACTCTCACAGTCTCCTCA,CAGGCTGTTGTGACTCAGGAATCTGCACTCACCACATCACCTGGTGGAACAGTCATACTCACTTGTCGCTCAAGTACTGGGGCTGTTACAACTAGTAACTATGCCAACTGGGTTCAAGAAAAACCAGATCATTTATTCACTGGTCTAATAGGTGGTACCAGCAACCGAGCTCCAGGTGTTCCTGTCAGATTCTCAGGCACCCTGATTGGAGACAAGGCTGCCCTCACCATCACAGGGGCACAGACTGAGGATGATGCAATGTATTTCTGTGCTCTATGGTACAGCACCCATTGTTTATTTTCGGCAGTGGAACCAAGGTCACTGTCCTAG,2,TACGTGTGTGCCGCAACCGAATGTTC,3,[],1
ATACGGTTCCGCCATGGGCTCCTCAA,CAGGTCCAACTGCAGCAGCCTGGGGCTGAGCTAGTGAAGCCTGGGGCTTCAGTGAAGCTGTCCTGCAAGGCTTCTGGCCACACCTTCACCAGCTACTGGATGCACTGGGTGAAGCAGAGCCTGGACGAGGCCTTGAGTGGATTGGAAGGATTGATCCTAATAGTGGTGGTACTAAGTACAATGAGAAGTTCAAGAGCAAGGCCACACTGACTGTAGACAAACCCTCCAGCACAGCCTACATGCAGCTCAGCAGCCTGACATCTGAGGACTCTGCGGTCTATTATTGTGCAAGACAACTGGGACACTACTTTGACTACTGGGGCCAAGGCACCACTCTCACAGTCTCCTCA,NNNNNNNNNNTTACTCAGCCAAGCTCTGTGTCTACGTCTCTAGGAAGCACAGTCAAACTGTCTTGCAAGCCCAGCACTGGTAAAATTGGAAATTACTTTATGAGCTGGTACCAGCAACACATGGGAAGATCTCCCACAAATATGATCTATAGAGATGATCTCCGACCATCTGGAGTTTCTGATAGGTTCTCTGGCTCCATTGACAGCTCTTCCAACTCAGCCTTCCTGACAATCAATAATGTGCAGGCTGAGGATNNNNNNNNNNNNNNNNNNGTTTATTTTCGGCAGTGGAACCAAGGTCACTGTCCTAG,2,ATACGGTTCCGCCATGGGCTCCTCAA,<cell.Cell object at 0x12d2c86d0>,[<cell.Cell object at 0x12d2c9190>],3
ATACGGTTCCGCCATGGGCTCCTCAA,CAGGTCCAACTGCAGCAGCCTGGGGCTGAGCTTGTGAAGCCTGGGGCTTCAGTGAAGCTGTCCTGCAAGGCTTCTGGCTACACCTTCACCAGCTACTGGATGCACTGGGTGAAGCAGAGCCTGGACGAGGCCTTGAGTGGATTGGAAGGATTGATCCTAATAGTGGTGGTACTAAGTACAATGAGAAGTTCAAGAGCAAGGCCACACTGACTGTAGACAAACCCTCCAGCACAGCCTACATGCAGCTCAGCAGCCTGACATCTGAGGACTCTGCGGTCTATTATTGCGCAAGACAACTGGGACACTACTTTGACTACTGGGGCCAAGGCACCACTCTCACAGTCTCCTCA,NNNNNNNNNNTTACTCAGCCAAGCTCTGTGTCTACGTCTCTAGGAAGCACAGTCAAACTGTCTTGCAAGCCCAGCACTGGTAAAATTGGAAATTACTTTATGAGCTGGTACCAGCAACACATGGGAAGATCTCCCACAAATATGATCTATAGAGATGATCTCCGACCATCTGGAGTTTCTGATAGGTTCTCTGGCTCCATTGACAGCTCTTCCAACTCAGCCTTCCTGACAATCAATAATGTGCAGGCTGAGGATNNNNNNNNNNNNNNNNNNGTTTATTTTCGGCAGTGGAACCAAGGTCACTGTCCTAG,1,ATACGGTTCCGCCATGGGCTCCTCAA,<cell.Cell object at 0x12d2e3b90>,[<cell.Cell object at 0x12d2c9250>],2
ATACGGTTCCGCCATGGGCTCCTCAA,CAGGTCCAACTGCAGCAGCCTGGGGCTGAGCTTGTGAAGCCTGGGGCTTCAGTGAAGCTGTCCTGCAAGGCTTCTGGCTACACCTTCACCAGCTACTGGATGCACTGGGTGAAGCAGAGCCTGGACGAGGCCTTGAGTGGATTGGAAGGATTGATCCTAATAGTGGTGGTACTAAGTACAATGAGAAGTTCAAGAGCAAGGCCACACTGACTGTAGACAAACCCTCCAGCACAGCCTACATGCAGCTCAGCAGCCTGACATCTGAGGACTCTGCGGTCTATTATTGCGCAAGACAACTGGGACACTACTTTGACTACTGGGGCCAAGGCACCACTCTCACAGTCTCCTCA,NNNNNNNNNNTTACTCAGCCAAGCTCTGTGTCTACGTCTCTAGGAAGCACAGTCAAACTGTCTTGCAAGCCCAGCACTGGTAAAATTGGAAATTACTTTATGAGCTGGTACCAGCAACACATGGGAAGATCTCCCACAAATATGATCTATAGAGATGATCTCCGACCATCTGGAGTTTCTGATAGGTTCTCTGGCTCCATTGACAGCTCTTCCAACTCAGCCTTCCTGACAATCAATAATGTGCAGGCTGAGGATNNNNNNNNNNNNNNNNNNGTTTATTTTCGGCAGTGGAACCAAGGTCACTGTCCTAG,1,ATACGGTTCCGCCATGGGCTCCTCAA,<cell.Cell object at 0x12d2e3b90>,[<cell.Cell object at 0x12d2c9250>],2
TACGTGTGTGCCGCAACCGAATGTTC,CAGGTCCAACTGCAGCAGCCTGGGGCTGAGCTTGTGAAGCCTGGGGCTTCAGTGAAGCTGTCCTGCAAGGCTTCTGGCTACACCTTCACCAGCTACTGGATGCACTGGGTGAAGCAGAGCCTGGACGAGCCCTTGAGTGGATTGGAAGGATTGATCCTAATAGTGGTGGTACTAAGTACAATGAGAAGTTCAAGAGCAAGGCCACACTGACTGTAGACAAACCCTCCAGCACAGCCTACATGCAGCTCAGCAGCCTGACATCTGAGGACTCTGCGGTCTATTATTGTGCAAGGCAACTGGGACACTACTTTGACTACTGGGGCCAAGGCACCACTCTCACAGTCTCCTCA,CAGGCTGTTGTGACTCAGGAATCTGCACTCACCACATCACCTGGTGGAACAGTCATACTCACTTGTCGCTCAAGTACTGGGGCTGTTACAACTAGTAACTATGCCAACTGGGTTCAAGAAAAACCAGATCATTTATTCACTGGTCTAATAGGTGGTACCAGCAACCGAGCTCCAGGTGTTCCTGTCAGATTCTCAGGCTCCCTGATTGGAGACAAGGCTGCCCTCACCATCACAGGGGCACAGACTGAGGATGATGCAATGTATTTCTGTGCTCTATGGTACAGCACCCATTGTTTATTTTCGGGAGTGGAACCAAGGTCACTGTCCTAG,3,TACGTGTGTGCCGCAACCGAATGTTC,<cell.Cell object at 0x12d2c8c90>,[],2
TACGTGTGTGCCGCAACCGAATGTTC,CAGGTCCAACTGCAGCAGCCTGGGGCTGAGCTTGTGAAGCCTGGGGCTTCAGTGAAGCTGTCCTGCAAGGCTTCTGGCTACACCTTCACCAGCTACTGGATGCACTGGGTGAAGCAGAGCCTGGACGAGCCCTTGAGTGGATTGGAAGGATTGATCCTAATAGTGGTGGTACTAAGTACAATGAGAAGTTCAAGAGCAAGGCCACACTGACTGTAGACAAACCCTCCAGCACAGCCTACATGCAGCTCAGCAGCCTGACATCTGAGGACTCTGCGGTCTATTATTGTGCAAGGCAACTGGGACACTACTTTGACTACTGGGGCCAAGGCACCACTCTCACAGTCTCCTCA,CAGGCTGTTGTGACTCAGGAATCTGCACTCACCACATCACCTGGTGGAACAGTCATACTCACTTGTCGCTCAAGTACTGGGGCTGTTACAACTAGTAACTATGCCAACTGGGTTCAAGAAAAACCAGATCATTTATTCACTGGTCTAATAGGTGGTACCAGCAACCGAGCTCCAGGTGTTCCTGTCAGATTCTCAGGCTCCCTGATTGGAGACAAGGCTGCCCTCACCATCACAGGGGCACAGACTGAGGATGATGCAATGTATTTCTGTGCTCTATGGTACAGCACCCATTGTTTATTTTCGGGAGTGGAACCAAGGTCACTGTCCTAG,3,TACGTGTGTGCCGCAACCGAATGTTC,<cell.Cell object at 0x12d2c8c90>,[],2
AACCTCTCTAGCCTGGCGACTGGGTA,CAGGTCCAACTGCAGCAGCCTGGGGCTGAGCTTGTGAAGCCTGGGGCTTCAGTGAAGCTGTCCTGCAAGGCTTCTGGCTACACCTTCACCAGCTACTGGATGCACTGGGTGAAGCAGAGCCTGGACGAGGCCTTGAGTGGATTGGAAGGATTGATCCTAATAGTGGTGGTACTAAGTACAATGAGAAGTTCAAGAGCAAGGCCACACTGACTGTAGACAAACCCTCCAGCACAGCCTACATGCAGCTCAGCAGCCTGACATCTGAGGACTCTGCGGTCTATTATTGTGCAAGACAACTGGGACACTACTTTGACTACTGGGGCCAAGGCACCACTCTCACAGTCTCCTCA,NNNNNNNNNNTTACTCAGCCAAGCTCTGTGTCTACATCTCTAGGAAGCACAGTCAAACTGTCTTGCAAGCGCAGCACTGGTAACATTGGAAACAACTATGTAAACTGGTACCAGCAATAGATGGGAAGATCTCCCACTAATATGATCTATGGAGATGATCAGCGACCAACTGGAGTTTCTGATAGGTTCTCTGGCTCCATTGACAGCTCTTCCAACTCAGCCTTCCTGACAATCAATAATGTGCAGGCTGAGGATNNNNNNNNNNNNNNNNNNTTATGTTTTCGGCGGTGGAACCAAGGTCACTGTCCTAG,2,AACCTCTCTAGCCTGGCGACTGGGTA,2,[],1
AACCTCTCTAGCCTGGCGACTGGGTA,CAGGTCCAACTGCAGCAGCCTGGGGCTGAGCTTGTGAAGCCTGGGGCTTCAGTGAAGCTGTCCTGCAAGGCTTCTGGCTACACCTTCACCAGCTACTGGATGCACTGGGTGAAGCAGAGCCTGGACGAGGCCTTGAGTGGATTGGAAGGATTGATCCTAATAGTGGTGGTACTAAGTACAATGAGAAGTTCAAGAGCAAGGCCACACTGACTGTAGACAAACCCTCCAGCACAGCCTACATGCAGCTCAGCAGCCTGACATCTGAGGACTCTGCGGTCTATTATTGTGCAAGACAACTGGGACACTACTTTGACTACTGGGGCCAAGGCACCACTCTCACAGTCTCCTCA,NNNNNNNNNNTTACTCAGCCAAGCTCTGTGTCTACATCTCTAGGAAGCACAGTCAAACTGTCTTGCAAGCGCAGCACTGGTAACATTGGAAACAACTATGTAAACTGGTACCAGCAATAGATGGGAAGATCTCCCACTAATATGATCTATGGAGATGATCAGCGACCAACTGGAGTTTCTGATAGGTTCTCTGGCTCCATTGACAGCTCTTCCAACTCAGCCTTCCTGACAATCAATAATGTGCAGGCTGAGGATNNNNNNNNNNNNNNNNNNTTATGTTTTCGGCGGTGGAACCAAGGTCACTGTCCTAG,2,AACCTCTCTAGCCTGGCGACTGGGTA,2,[],1
ACCGGAGTCTGTATGTACCGCTACTT,CAGGTCCAACTGCAGCAGCCTGGGGCTGAGCTTGTGAAGCCTGGGGCTTCAGTGAAGCTGCCCTGCAAGGCTTCTGGCTACACCTTCACCAGCTACTGGATGCACTGGGTGAAGCAGGGCCTGGACGAGGCCTTGAGTGGATTGGAAGGATTGATCCTAATAGTGGTGGTACTAAGTACAATGAGAAGTTCAAGAGCAAGGCCACACTGACTGTAGACAAACCCTCCAGCACAGCCTACATGCAGCTCAGCAGCCTGACATCTGAGGACTCTGCGGTCTATTATTGTGCAAGACAACTGGGACACTACTTTGACTACTGGGGCCAAGGCACCACTCTCACAGTCTCCTCA,CAGGCTGTTGTGACTCAGGAATCTGCACTCACCACATCACCTGGTGAAACAGTCACACTCACTTGTCGCTCAAGTACTGGGGCTGTTACAACTAGTAACTATGCCAACTGGGTCCAAGAAAAACCAGATCATTTATTCACTGGTCTAATAGGTGGTACCAACAACCGAGCTCCAGGTGTTCCTGCCAGATTCTCAGGCTCCCTGATTGGAGACAAGGCTGCCCTCACCATCACAGGGGCACAGACTGAGGATGAGGCAATATATTTCTGTGCTCTATGGTACAGCAACCATTCTGGGTGTTCGGTGGAGGAACCAAACTGACTGTCCTAG,2,ACCGGAGTCTGTATGTACCGCTACTT,<cell.Cell object at 0x12d2c8f10>,"[<cell.Cell object at 0x12d2c9510>, <cell.Cell object at 0x12d2c9510>]",3
TCAAGTTCGACTAAATTTTAGTCTGC,CAGGTCCAACTGCAGCAGCCTGGGGCTGAGCTTGTGAAGCCTGGGGCTTCAGTGAAGCTGTCCTGCAAGGCTTCTGGCTACACCTTCACCAGCTACTGGATGCACTGGGTGAAGCAGAGCCTGGACGAGGCCTTGAGTGGATTGGAAGGATTGATCCTAATAGTGGTGGTACTAAGTACAATGAGAAGTTCAAGAGCAAGGCCACACTGACTGTAGACAAACCCTCCAGCACAGCCTACATGCAGCTCAGCAGCCTGACATCTGAGGACTCTGCGGTCTATTATTGTGCAAGACAACTGGGACACTACTTTGACTACTGGGGCCAAGGCACCACTCTCACAGTCTCCTCA,CAACTTGTGCTCACTCAGTCATCTTCAGCCTCTTTCTCCCTGGGAGCCTCAGCAAAACTCACGTGCACCTTGAGTAGTCAGCACAGTACGTACACCATTGAATGGTATCAGCAACAGCCACTCAAGCCTCCTAAGTATGTGATGGAGCTTGAGAAAGATGGAAGCCACAGCACAGGTGATGGGATTCCTGATCGCTTCTCTGGATCCAGCTCTGGTGCTGATCGCTACCTTAGCATTTCCAACATCCAGCCTGAAGATGAAGCAATATACATCTGTGGTGTGGGTGATACAATTAAGGAACAATTTGTGGTTTATTTTCGGCAGTGGAACCAAGGTCACTGTCCTAG,1,TCAAGTTCGACTAAATTTTAGTCTGC,2,[],1
TCAAGTTCGACTAAATTTTAGTCTGC,CAGGTCCAACTGCAGCAGCCTGGGGCTGAGCTTGTGAAGCCTGGGGCTTCAGTGAAGCTGTCCTGCAAGGCTTCTGGCTACACCTTCACCAGCTACTGGATGCACTGGGTGAAGCAGAGCCTGGACGAGGCCTTGAGTGGATTGGAAGGATTGATCCTAATAGTGGTGGTACTAAGTACAATGAGAAGTTCAAGAGCAAGGCCACACTGACTGTAGACAAACCCTCCAGCACAGCCTACATGCAGCTCAGCAGCCTGACATCTGAGGACTCTGCGGTCTATTATTGTGCAAGACAACTGGGACACTACTTTGACTACTGGGGCCAAGGCACCACTCTCACAGTCTCCTCA,CAACTTGTGCTCACTCAGTCATCTTCAGCCTCTTTCTCCCTGGGAGCCTCAGCAAAACTCACGTGCACCTTGAGTAGTCAGCACAGTACGTACACCATTGAATGGTATCAGCAACAGCCACTCAAGCCTCCTAAGTATGTGATGGAGCTTGAGAAAGATGGAAGCCACAGCACAGGTGATGGGATTCCTGATCGCTTCTCTGGATCCAGCTCTGGTGCTGATCGCTACCTTAGCATTTCCAACATCCAGCCTGAAGATGAAGCAATATACATCTGTGGTGTGGGTGATACAATTAAGGAACAATTTGTGGTTTATTTTCGGCAGTGGAACCAAGGTCACTGTCCTAG,1,TCAAGTTCGACTAAATTTTAGTCTGC,2,[],1
ACCGGAGTCTGTATGTACCGCTACTT,CAGGTCCAACTGCAGCAGCCTGGGGCTGAGCTTGTGAAGCCTGGGGCTTCAGTGAAGCTGTCCTGCAAGGCTTCTGGCTACACCTTCACCAGCTACTGGATGCACTGGGTGAAGCAGAGCCTGGACGAGGCCTTGAGTGGATTGGAAGGATTGATCCTAATAGTGGTGGTACTAAGTACAATGAGAAGTTCAAGAGCAAGGCCACACTGACTGTGGACAAACCCTCCAGCACAGCCTACATGCAGCTCAGCAGCCTGACATCTGAGGACTCTGCGGTCTATTATTGTGCAAGACAACTGGGACACTACTTTGACTACTGGGGCCAAGGCACCACTCTCACAGTCTCCTCA,CAGGCTGTTGTGACTCAGGAATCTGCACTCACCACATCACCTGGTGAAACAGTCACACTCACTTGTCGCTCAAGTACTGGGGCTGTTACAACTAGTAACTATGCCAACTGGGTCCAAGAAAAACCAGATCATTTATTCACTGGTCTAATAGGTGGTACCAACAACCGAGCTCCAGGTGTTCCTGCCAGCTTCTCAGGCTCCCTGATTGGAGACAAGGCTGCCCTCACCATCACAGGGGCACAGACTGAGGATGAGGCAATATATTTCTGTGCTCTATGGTACAGCAACCATTCTGGGTGTTCGGTGGAGGAACCAAACTGACTGTCCTAG,2,ACCGGAGTCTGTATGTACCGCTACTT,<cell.Cell object at 0x12d2c8250>,[],2
TGTCGCTCGGCCCTCCATGGGGCGCC,CAGGTCCAACTGCAGCAGCCTGGGGCTGAGCTTGTGAAGCCTGGGGCTTCAGTGAAGCTGTCCTGCAAGGCTTCTGGCTACACCTTCACCAGCTACTGGATGCACTGGGTGAAGCAGAGCCTGGACGAGGCCTTGAGTGGATTGGAAGGATTGATCCTAATAGTGGTGGTACTAAGTACAATGAGAAGTTCAAGAGCAAGGCCACACTGACTGTAGACAAACCCTCCAGCACAGCCTACATGCAGCTCAGCAGCCTGACATCTGAGGACTCTGCGGTCTATTATTGTGCAAGACAACTGGGACACTACTTTGACTACTGGGGCCAAGGCACCACTCTCACAGTCTCCTCA,CAGGCTGTTGTGACTCAGGAATCTGCACTCACCACATCACCTGGTGAAACAGTCACACTCACTTGTCGCTCAAGTACTGGGGCTGTTACAACTAGTAACTATGCCAACTGGGTCCAAGAAAAACCAGATCATTTATTCACTGGTCTAATAGGTGGTACCAACAACCGAGCTCCAGGTGTTCCTGCCAGATTCTCAGGCTCCCTGATTGGAGACAAGGCTGCCCTCACCATCACAGGGGCACATACTGAGGATGAGGCAATATATTTCTGTGCTCTATGGTACAGCAACCATTGTTTATTTTCGGCAGTGGAACCAAGGTCACTGTCCTAG,1,TGTCGCTCGGCCCTCCATGGGGCGCC,2,[],1
TGTCGCTCGGCCCTCCATGGGGCGCC,CAGGTCCAACTGCAGCAGCCTGGGGCTGAGCTTGTGAAGCCTGGGGCTTCAGTGAAGCTGTCCTGCAAGGCTTCTGGCTACACCTTCACCAGCTACTGGATGCACTGGGTGAAGCAGAGCCTGGACGAGGCCTTGAGTGGATTGGAAGGATTGATCCTAATAGTGGTGGTACTAAGTACAATGAGAAGTTCAAGAGCAAGGCCACACTGACTGTAGACAAACCCTCCAGCACAGCCTACATGCAGCTCAGCAGCCTGACATCTGAGGACTCTGCGGTCTATTATTGTGCAAGACAACTGGGACACTACTTTGACTACTGGGGCCAAGGCACCACTCTCACAGTCTCCTCA,CAGGCTGTTGTGACTCAGGAATCTGCACTCACCACATCACCTGGTGAAACAGTCACACTCACTTGTCGCTCAAGTACTGGGGCTGTTACAACTAGTAACTATGCCAACTGGGTCCAAGAAAAACCAGATCATTTATTCACTGGTCTAATAGGTGGTACCAACAACCGAGCTCCAGGTGTTCCTGCCAGATTCTCAGGCTCCCTGATTGGAGACAAGGCTGCCCTCACCATCACAGGGGCACATACTGAGGATGAGGCAATATATTTCTGTGCTCTATGGTACAGCAACCATTGTTTATTTTCGGCAGTGGAACCAAGGTCACTGTCCTAG,1,TGTCGCTCGGCCCTCCATGGGGCGCC,2,[],1
ACCGGAGTCTGTATGTACCGCTACTT,CAGGTCCAACTGCAGCAGCCTGGGGCTGAGCTTGTGAAGCCTGGGGCTTCAGTGAAGCTGTCCTGCAAGGCTTCTGGCTACACCTTCACCAGCTACTGGATGCACTGGGTGAAGCAGAGCCTGGACGAGGCCTTGAGTGGATTGGAAGGATTGATCCTAATAGTGGTGGTACTAAGTACAATGAGAAGTTCAAGAGCAAGGCCACACTGACTGTAGACGAACCCTCCAGCACAGCCTACATGCAGCTCAGCAGCCTGACATCTGAGGACTCTGCGGTCTATTATTGTGCAAGACAACTGGGACACTACTTTGACTACTGGGGCCAAGGCACCACTCTCACAGTCTCCTCA,CAGGCTGTTGTGACTCAGGAATCTGCACTCACCACATCACCTGGTGAAACAGTCACACTCACTTGTCGCTCAAGTACTGGGGCTGTTACAACTAGTAACTATGCCAACTGGGTCCAAGAAAAACCAGATCATTTATTCACTGGTCTAATAGGTGGTACCAACAACCGAGCTCCAGGTGTTCCTGCCAGCTTCTCAGGCTCCCTGATTGGAGTCAAGGCTGCCCTCACCATCACAGGGGCACAGACTGAGGATGAGGCAATATATTTCTGTGCTCTATGGTACAGCAACCATTCTGGGTGTTCGGTGGAGGAACCAAACTGACTGTCCTAG,3,ACCGGAGTCTGTATGTACCGCTACTT,<cell.Cell object at 0x12d2c8a10>,[],2
ACCGGAGTCTGTATGTACCGCTACTT,CAGGTCCAACTGCAGCAGCCTGGGGCTGAGCTTGTGAAGCCTGGGGCTTCAGTGAAGCTGTCCTGCAAGGCTTCTGGCTACACCTTCACCAGCTACTGGATGCACTGGGTGAAGCAGAGCCTGGACGAGGCCTTGAGTGGATTGGAAGGATTGATCCTAATAGTGGTGGTACTAAGTACAATGAGAAGTTCAAGAGCAAGGCCACACTGACTGTAGACGAACCCTCCAGCACAGCCTACATGCAGCTCAGCAGCCTGACATCTGAGGACTCTGCGGTCTATTATTGTGCAAGACAACTGGGACACTACTTTGACTACTGGGGCCAAGGCACCACTCTCACAGTCTCCTCA,CAGGCTGTTGTGACTCAGGAATCTGCACTCACCACATCACCTGGTGAAACAGTCACACTCACTTGTCGCTCAAGTACTGGGGCTGTTACAACTAGTAACTATGCCAACTGGGTCCAAGAAAAACCAGATCATTTATTCACTGGTCTAATAGGTGGTACCAACAACCGAGCTCCAGGTGTTCCTGCCAGCTTCTCAGGCTCCCTGATTGGAGTCAAGGCTGCCCTCACCATCACAGGGGCACAGACTGAGGATGAGGCAATATATTTCTGTGCTCTATGGTACAGCAACCATTCTGGGTGTTCGGTGGAGGAACCAAACTGACTGTCCTAG,3,ACCGGAGTCTGTATGTACCGCTACTT,<cell.Cell object at 0x12d2c8a10>,[],2
ACCGGAGTCTGTATGTACCGCTACTT,CAGGTCCAACTGCAGCAGCCTGGGGCTGAGCTTGTGAAGCCTGGGGCTTCAGTGAAGCTGCCCTGCAAGGCTTCTGGCTACACCTTCACCAGCTACTGGATGCACTGGGTGAAGCAGGGCCTGGACGAGGCCTTGAGTGGATTGGAAGGATTGATCCTAATAGTGGTGGTACTAAGTACAATGAGAAGTTCAAGAGCAAGGCCACACTGACTGTAGACAAACCCTCCAGCACAGGCTACATGCAGCTCAGCAGCCTGACATCTGAGGACTCTGCGGTCTATTATTGTGCAAGACAACTGGGACACTACTTTGACTACTGGGGCCAAGGCACCACTCTCACAGTCTCCTCA,CAGGCTGTTGTGACTCAGGAATCTGCACTCACCACATCACCTGGTGAAACAGTCACACTCACTTGTCGCTCAAGTACTGGGGCTGTTACAACTAGTAACTATGCCAACTGGGTCCAAGAAAAACCAGATCATTTATTCACTGGTCTAATAGGTGGTACCAACAACCGAGCTCCAGGTGTTCCTGCCAGATTCTCAGGCTCCCTGATTGGAGACAAGGCTGCCCTCACCATCACAGGGGCACAGACTGAGGATGAGGCAATATATTTCTGTGCTCTATGGTACAGCAACCATTCTGGGTGTTCGGTGGAGGAACCAAACTGACTGTCCTAG,3,ACCGGAGTCTGTATGTACCGCTACTT,<cell.Cell object at 0x12d2c9510>,[<cell.Cell object at 0x12d2c9890>],4
ACCGGAGTCTGTATGTACCGCTACTT,CAGGTCCAACTGCAGCAGCCTGGGGCTGAGCTTGTGAAGCCTGGGGCTTCAGTGAAGCTGCCCTGCAAGGCTTCTGGCTACACCTTCACCAGCTACTGGATGCACTGGGTGAAGCAGGGCCTGGACGAGGCCTTGAGTGGATTGGAAGGATTGATCCTAATAGTGGTGGTACTAAGTACAATGAGAAGTTCAAGAGCAAGGCCACACTGACTGTAGACAAACCCTCCAGCACAGGCTACATGCAGCTCAGCAGCCTGACATCTGAGGACTCTGCGGTCTATTATTGTGCAAGACAACTGGGACACTACTTTGACTACTGGGGCCAAGGCACCACTCTCACAGTCTCCTCA,CAGGCTGTTGTGACTCAGGAATCTGCACTCACCACATCACCTGGTGAAACAGTCACACTCACTTGTCGCTCAAGTACTGGGGCTGTTACAACTAGTAACTATGCCAACTGGGTCCAAGAAAAACCAGATCATTTATTCACTGGTCTAATAGGTGGTACCAACAACCGAGCTCCAGGTGTTCCTGCCAGATTCTCAGGCTCCCTGATTGGAGACAAGGCTGCCCTCACCATCACAGGGGCACAGACTGAGGATGAGGCAATATATTTCTGTGCTCTATGGTACAGCAACCATTCTGGGTGTTCGGTGGAGGAACCAAACTGACTGTCCTAG,3,ACCGGAGTCTGTATGTACCGCTACTT,<cell.Cell object at 0x12d2c9510>,[<cell.Cell object at 0x12d2c9890>],4
AACCTCTCTAGCCTGGCGACTGGGTA,CAGGTCCAACTGCAGCAGCCTGGGGCTGAGCTTGTGAAGCCTGGGGCTTCAGTGAAGCTGTCCTGCAAGGCTTCTGGCTACACCTTCACCAGCTACTGGATGCACTGGGTGAAGCAGAGCCTGGACGAGGCCTTGAGTGGATTGGAAGGATTGATCCTAATAGTGGTGGTACTAAGTACAATGAGAAGTTCAAGAGCAAGGCCACACTGACTGTAGACAAACCCTCCAGCACAGCCTACATGCAGCTCAGCAGCCTGACATCTGAGGACTCTGCGGTCTATTATTGTGCAAGACAACTGGGACACTACTTTGACTACTGGGGCCAAGGCACCACTCTCACAGTCTCCTCA,NNNNNNNNNNTTACTCAGCCAAGCTCTGTGTCTACATCTATAGGAAGCACAGTCAAACTGTCTTGCAAGCGCAGCACTGGTAACATTGGAAACAACTATGTGAACTGGTACCAGCAATACATGGGAAGATCTCCCACTAATATGATCTATGGAGATGATCAGCGACCAACTGGAGTTTCTGATAGGTTCTCTGGCTCCATTGACAGCTCTTCCAACTCAGCCTTCCTGACAATCAATAATGTGCAGGCTGAGGATNNNNNNNNNNNNNNNNNNTTATGTTTTCGGCGGTGGAACCAAGGTCACTGTCCTAG,1,AACCTCTCTAGCCTGGCGACTGGGTA,2,[],1
AACCTCTCTAGCCTGGCGACTGGGTA,CAGGTCCAACTGCAGCAGCCTGGGGCTGAGCTTGTGAAGCCTGGGGCTTCAGTGAAGCTGTCCTGCAAGGCTTCTGGCTACACCTTCACCAGCTACTGGATGCACTGGGTGAAGCAGAGCCTGGACGAGGCCTTGAGTGGATTGGAAGGATTGATCCTAATAGTGGTGGTACTAAGTACAATGAGAAGTTCAAGAGCAAGGCCACACTGACTGTAGACAAACCCTCCAGCACAGCCTACATGCAGCTCAGCAGCCTGACATCTGAGGACTCTGCGGTCTATTATTGTGCAAGACAACTGGGACACTACTTTGACTACTGGGGCCAAGGCACCACTCTCACAGTCTCCTCA,NNNNNNNNNNTTACTCAGCCAAGCTCTGTGTCTACATCTATAGGAAGCACAGTCAAACTGTCTTGCAAGCGCAGCACTGGTAACATTGGAAACAACTATGTGAACTGGTACCAGCAATACATGGGAAGATCTCCCACTAATATGATCTATGGAGATGATCAGCGACCAACTGGAGTTTCTGATAGGTTCTCTGGCTCCATTGACAGCTCTTCCAACTCAGCCTTCCTGACAATCAATAATGTGCAGGCTGAGGATNNNNNNNNNNNNNNNNNNTTATGTTTTCGGCGGTGGAACCAAGGTCACTGTCCTAG,1,AACCTCTCTAGCCTGGCGACTGGGTA,2,[],1
ACCGGAGTCTGTATGTACCGCTACTT,CAGGTCCAACTGCAGCAGCCTGGGGCTGAGCTTGTGAAGCCTGGGGCTTGAGTGAAGCTGCCCTGCAAGGCTTCTGGCTACACCTTCACCAGCTACTGGATGCACTGGGTGAAGCAGAGCCTGGACGAGGCCTTGAGTGGATTGGAAGGATTGATCCTAATAGTGGTGGTACTAAGTACAATGAGAAGTTCAAGAGCAAGGCCACACTGACTGTAGACAAACCCTCCAGCACAGCCTACATGCAGCTCAGCAGCCTGACATCTGAGGACTCTGCGGTCTATTATTGTGCAAGACAACTGGGACACTACTTTGACTACTGGGGCCAAGGCACCACTCTCACAGTCTCCTCA,CAGGCTGTTGTGACTCAGGAATCTGCACTCACCACATCACCTGGTGAAACAGTCACACTCACTTGTCGCTCAAGTACTGGGGCTGTTACAACTAGTAACTATGCCAACTGGGTCCAAGAAAAACCAGATCATTTATTCACTGGTCTAATAGGTGGTACCAACAACCGAGCTCCAGGTGTTCCTGCCAGATTCTCAGGCTCCCTGATTGGAGACAAGGCTGCCCTCACCATCACAGGGGCACAGACTGAGGATGAGGCAATATATTTCTGTGCTCTATGGTACAGCAACCATTCTGGGTGTTCGGTGGAGGAACCAAACTGACTGTCCTAG,2,ACCGGAGTCTGTATGTACCGCTACTT,<cell.Cell object at 0x12d2c8f10>,[],3
ACCGGAGTCTGTATGTACCGCTACTT,CAGGTCCAACTGCAGCAGCCTGGGGCTGAGCTTGTGAAGCCTGGGGCTTGAGTGAAGCTGCCCTGCAAGGCTTCTGGCTACACCTTCACCAGCTACTGGATGCACTGGGTGAAGCAGAGCCTGGACGAGGCCTTGAGTGGATTGGAAGGATTGATCCTAATAGTGGTGGTACTAAGTACAATGAGAAGTTCAAGAGCAAGGCCACACTGACTGTAGACAAACCCTCCAGCACAGCCTACATGCAGCTCAGCAGCCTGACATCTGAGGACTCTGCGGTCTATTATTGTGCAAGACAACTGGGACACTACTTTGACTACTGGGGCCAAGGCACCACTCTCACAGTCTCCTCA,CAGGCTGTTGTGACTCAGGAATCTGCACTCACCACATCACCTGGTGAAACAGTCACACTCACTTGTCGCTCAAGTACTGGGGCTGTTACAACTAGTAACTATGCCAACTGGGTCCAAGAAAAACCAGATCATTTATTCACTGGTCTAATAGGTGGTACCAACAACCGAGCTCCAGGTGTTCCTGCCAGATTCTCAGGCTCCCTGATTGGAGACAAGGCTGCCCTCACCATCACAGGGGCACAGACTGAGGATGAGGCAATATATTTCTGTGCTCTATGGTACAGCAACCATTCTGGGTGTTCGGTGGAGGAACCAAACTGACTGTCCTAG,2,ACCGGAGTCTGTATGTACCGCTACTT,<cell.Cell object at 0x12d2c8f10>,[],3
ACCGGAGTCTGTATGTACCGCTACTT,CAGGTCCAACTGCAGCAGCCTGGGGCTGAGCTTGTGAAGCCTGGGGCTTCAGTGAAGCTGTCCTGCAAGGCTTCTGGCTACACCTTCACCAGCTACTGGATGCACTGGGTGAAGCAGAGCCTGGACGAGGCCTTGAGTGGATTGGAAGGATTGATCCTAATAGTGGTGGTACTAAGTACAATGAGAAGTTCAAGAGCAAGGCCACACTGACTGTAGACAAACCCTCCAGCACAGCCTACATGCAGCTCAGCAGCCTGACATCTGAGGACTCTGCGGTCTATTATTGTGCAAGACAACTGGGACACTACTTTGACAACTGGGGCCAAGGCACCACTCTCTCAGTCTCCTCA,CAGGCTGTTGTGACTCAGGAATCTGCACTCACCACATCACCTGGTGAAACAGTCACACTCACTTGTCGCTCAAGTACTGGGGCTGTAACAACTAGTAACTATGCCAACTGGGTCCAAGAAAAACCAGATCATTTATTCACTGGTCTAATAGGTGGTACCAACAACCGAGCTCCAGGTGTTCCTGCCAGATTCTCAGGCTCCCTGATTGGAGAAAAGGCTGCCCTCACCATCACAGGGGCACAGACTGAGGATGAGGCAATATATTTCTGTGCTCTATGGTACAGCAACCATTCTGGGTGTTCGGTGGAGGAACCAAACTGACTGTCCTAG,4,ACCGGAGTCTGTATGTACCGCTACTT,<cell.Cell object at 0x12d2c8b10>,[<cell.Cell object at 0x12d2c9ad0>],2
ACCGGAGTCTGTATGTACCGCTACTT,CAGGTCCAACTGCAGCAGCCTGGGGCTGAGCTTGTGAAGCCTGGGGCTTCAGTGAAGCTGTCCTGCAAGGCTTCTGGCTACACCTTCACCAGCTACTGGATGCACTGGGTGAAGCAGAGCCTGGACGAGGCCTTGAGTGGATTGGAAGGATTGATCCTAATAGTGGTGGTACTAAGTACAATGAGAAGTTCAAGAGCAAGGCCACACTGACTGTAGACAAACCCTCCAGCACAGCCTACATGCAGCTCAGCAGCCTGACATCTGAGGACTCTGCGGTCTATTATTGTGCAAGACAACTGGGACACTACTTTGACAACTGGGGCCAAGGCACCACTCTCTCAGTCTCCTCA,CAGGCTGTTGTGACTCAGGAATCTGCACTCACCACATCACCTGGTGAAACAGTCACACTCACTTGTCGCTCAAGTACTGGGGCTGTAACAACTAGTAACTATGCCAACTGGGTCCAAGAAAAACCAGATCATTTATTCACTGGTCTAATAGGTGGTACCAACAACCGAGCTCCAGGTGTTCCTGCCAGATTCTCAGGCTCCCTGATTGGAGAAAAGGCTGCCCTCACCATCACAGGGGCACAGACTGAGGATGAGGCAATATATTTCTGTGCTCTATGGTACAGCAACCATTCTGGGTGTTCGGTGGAGGAACCAAACTGACTGTCCTAG,4,ACCGGAGTCTGTATGTACCGCTACTT,<cell.Cell object at 0x12d2c8b10>,[<cell.Cell object at 0x12d2c9ad0>],2
ACCGGAGTCTGTATGTACCGCTACTT,CAGGTCCAACTGCAGCAGCCTGGGGCTGAGCTTGTGAAGCCTGGGGCTTCAGTGAAGCTGCCCTGCAAGGCTTCTGGCTACACCTTCACCAGCTACTGGATGCACTGGGTGAAGCAGGGCCTGGACGAGGCCTTGAGTGGATTGGAAGGATTGATCCTAATAGTGGTGGTACTAAGTACAATGAGAAGTTCAAGAGCAAGGCCACACTGACTGTAGACAAACCCTCCAGCACAGCCTACATGCAGCTCAGCAGCCTGACATCTGAGGACTCTGCGGTCTATTATTGTGCAAGACAACTGGGACACTACTTTGACTACTGGGGCCAAGGCACCACTCTCACAGTCTCCTCA,CAGGCTGTTGTGACTCAGGAATCTGCACTCACCACATCACCTGGTGAGACAGTCACACTCACTTGTCGCTCAAGTACTGGGGCTGTTACAACTAGTAACTATGCCAACTGGGTCCAAGAAAAACCAGATCATTTATTCACTGGTCTAATAGGTGGTACCAACAACCGAGCTCCAGGTGTTCCTGCCAGATTCTCAGGCTCCCTGATTGGAGACAAGGCTGCCCTCACCATCACAGGGGCACAGACTGAGGATGAGGCAATATATTTCTGTGCTCTATGGTACAGCAACCATTCTGGGTGTTCGGTGGAGGAACCAAACTGACTGTCCTAG,3,ACCGGAGTCTGTATGTACCGCTACTT,4,[],1
ACCGGAGTCTGTATGTACCGCTACTT,CAGGTCCAACTGCAGCAGCCTGGGGCTGAGCTTGTGAAGCCTGGGGCTTCAGTGAAGCTGCCCTGCAAGGCTTCTGGCTACACCTTCACCAGCTACTGGATGCACTGGGTGAAGCAGGGCCTGGACGAGGCCTTGAGTGGATTGGAAGGATTGATCCTAATAGTGGTGGTACTAAGTACAATGAGAAGTTCAAGAGCAAGGCCACACTGACTGTAGACAAACCCTCCAGCACAGCCTACATGCAGCTCAGCAGCCTGACATCTGAGGACTCTGCGGTCTATTATTGTGCAAGACAACTGGGACACTACTTTGACTACTGGGGCCAAGGCACCACTCTCACAGTCTCCTCA,CAGGCTGTTGTGACTCAGGAATCTGCACTCACCACATCACCTGGTGAGACAGTCACACTCACTTGTCGCTCAAGTACTGGGGCTGTTACAACTAGTAACTATGCCAACTGGGTCCAAGAAAAACCAGATCATTTATTCACTGGTCTAATAGGTGGTACCAACAACCGAGCTCCAGGTGTTCCTGCCAGATTCTCAGGCTCCCTGATTGGAGACAAGGCTGCCCTCACCATCACAGGGGCACAGACTGAGGATGAGGCAATATATTTCTGTGCTCTATGGTACAGCAACCATTCTGGGTGTTCGGTGGAGGAACCAAACTGACTGTCCTAG,3,ACCGGAGTCTGTATGTACCGCTACTT,4,[],1
ACCGGAGTCTGTATGTACCGCTACTT,CAGGTCCAACTGCAGCAGCCTGGGGCTGAGCTTGTGAAGCCTGGGGCTTCAGTGAAGCTGTCCTGCAAGGCTTCTGGCTACACCTTCACCAGCTACTGGATGCACTGGGTGAAGCAGAGCCTGGACGAGGCCTTGAGTGGATTGGAAGGATTGATCCTAATAGTGGTGGTACTAAGTACAATGAGAAGTTCAAGAGCAAGGCCACACTGACTGTAGACAAACCCTCCAGCACAGCCTACATGCAGCTCAGCAGCCTGACATCTGAGGACTCTGCGGTCTATTATTGTGCAAGACAACTGGGACACTACTTTGACAACTGGGGCCAAGGCACCACTCTCTCAGTCTCCTCA,CAGGCTGTTGTGACTCAGGAATCTGCACTCACCACATCACCTGGTGAAACAGTCACACTCACTTGTCGCTCAAGTACTGGGGCTGTAACAACTAGTAACTATGCCAACTGGGTCCAAGAAAAACCAGATCATTTATTCACTGGTCTAATAGGTGGTACCAACAACCGAGCTCCAGGTGTTCCTGCCAGATTCTCAGGCTCCCTGATTGGAGAAAAGGCTGCCCTCACCATCACAGGGGCACAGACTGAGGATGAGGCAATATATTTCTGTGCTCTATGGTACAGCAACCATTCTGGGTGTTCGGTGGACGAACCAAACTGACTGTCCTAG,5,ACCGGAGTCTGTATGTACCGCTACTT,3,[],1
ACCGGAGTCTGTATGTACCGCTACTT,CAGGTCCAACTGCAGCAGCCTGGGGCTGAGCTTGTGAAGCCTGGGGCTTCAGTGAAGCTGTCCTGCAAGGCTTCTGGCTACACCTTCACCAGCTACTGGATGCACTGGGTGAAGCAGAGCCTTGACGAGGCCTTGAGTGGATTGGAAGGATTGATCCTAATAGTGGTGGTACTAAGTACAATGAGAAGTTCAAGAGCAAGGCCACACTGACTGTAGACAAACCCTCCAGCACAGCCTACATGCAGCTCAGCAGCCTGACATCTGAGGACTCTGCGGTCTATTATTGTGCAAGACAACTGGGACACTACTTTGACTACTGGGGCCAAGGCACCACTCTCACAGTCTCCTCA,CAGGCTGTTGTGACTCAGGAATCTGCACTCACCACATCACCTGGTGAAACAGTCACACTCACTTGTCGCTCAAGTACTGGGGCTGTTACAACTAGTAACTATGCCAACTGGGTCCAAGAAAAACCAGATCATTTATTCACTGGTCTAATAGGTGGTACCAACAACCGAGCTCCAGGTGTTCCTGCCAGATTCTCAGGCTCCCTGATTGGAGACAAGGCTGCCCTCACCATCACAGGGGCACAGACTGAGGATGAGGCAATATATTTCTGTGCTCTATGGTACAGCAACCATTCTGGGTGTTCGGTGGAGGAACCAAACTGACTGTCCTAG,1,ACCGGAGTCTGTATGTACCGCTACTT,<cell.Cell object at 0x12d2e3c90>,[],2
ACCGGAGTCTGTATGTACCGCTACTT,CAGGTCCAACTGCAGCAGCCTGGGGCTGAGCTTGTGAAGCCTGGGGCTTCAGTGAAGCTGTCCTGCAAGGCTTCTGGCTACACCTTCACCAGCTACTGGATGCACTGGGTGAAGCAGAGCCTTGACGAGGCCTTGAGTGGATTGGAAGGATTGATCCTAATAGTGGTGGTACTAAGTACAATGAGAAGTTCAAGAGCAAGGCCACACTGACTGTAGACAAACCCTCCAGCACAGCCTACATGCAGCTCAGCAGCCTGACATCTGAGGACTCTGCGGTCTATTATTGTGCAAGACAACTGGGACACTACTTTGACTACTGGGGCCAAGGCACCACTCTCACAGTCTCCTCA,CAGGCTGTTGTGACTCAGGAATCTGCACTCACCACATCACCTGGTGAAACAGTCACACTCACTTGTCGCTCAAGTACTGGGGCTGTTACAACTAGTAACTATGCCAACTGGGTCCAAGAAAAACCAGATCATTTATTCACTGGTCTAATAGGTGGTACCAACAACCGAGCTCCAGGTGTTCCTGCCAGATTCTCAGGCTCCCTGATTGGAGACAAGGCTGCCCTCACCATCACAGGGGCACAGACTGAGGATGAGGCAATATATTTCTGTGCTCTATGGTACAGCAACCATTCTGGGTGTTCGGTGGAGGAACCAAACTGACTGTCCTAG,1,ACCGGAGTCTGTATGTACCGCTACTT,<cell.Cell object at 0x12d2e3c90>,[],2
TGGCGATGTCCGTTGGCTTAGGGACT,CAGGTCCAACTGCAGCAGCCTGGGGCTGAGCTTGTGAAGCCTGGGGCTTCAGTGAAGCTGTCCTGCAAGGCTTCTGGCTACACCTTCACCAGCTACTGGATGCACTGGGTGAAGCAGAGCCTGGACGAGGCCTTGAGTGGATTGGAAGGATTGATCCTAATAGTGGTGGTACTAAGTACAATGAGAAGTTCAAGGGCAAGGCCACACTGACTGTAGACAAACCCTCCAGCACAGCCTACATGCAGCTCAGCAGCCTGACATCTGAGGACTCTGCGGTCTATTATTGTGCAAGACAACTGGGACACTACTTTGACTACTGGGGCCAAGGCACCACTCTCACAGTCTCCTCA,NNNNNNNNNNTTACTCAGCCAAGCTCTGTGTCTACGTCTCTAGGAAGCACAGTCAAACTGTCTTGCAAGCCCAGCACTGGTAAAATTGGAAATTACTTTATGAGCTGGTACCAGCAACACATGGGAAGATCTCCCACAAATATGATCTATAGAGATGATCTCCGACCATCTGGAGTTTCTGATAGGTTCTCTGGCTCCATTGACAGCTCTTCCAACTCAGCCTTCCTGACAATCAATAATGTGCAGGCTGAGGATNNNNNNNNNNNNNNNNNNCTGGGTGTTCGGTGGAGGAACCAAACTGACTGTCCTAG,1,TGGCGATGTCCGTTGGCTTAGGGACT,<cell.Cell object at 0x12d2e3a10>,[],2
TGGCGATGTCCGTTGGCTTAGGGACT,CAGGTCCAACTGCAGCAGCCTGGGGCTGAGCTTGTGAAGCCTGGGGCTTCAGTGAAGCTGTCCTGCAAGGCTTCTGGCTACACCTTCACCAGCTACTGGATGCACTGGGTGAAGCAGAGCCTGGACGAGGCCTTGAGTGGATTGGAAGGATTGATCCTAATAGTGGTGGTACTAAGTACAATGAGAAGTTCAAGGGCAAGGCCACACTGACTGTAGACAAACCCTCCAGCACAGCCTACATGCAGCTCAGCAGCCTGACATCTGAGGACTCTGCGGTCTATTATTGTGCAAGACAACTGGGACACTACTTTGACTACTGGGGCCAAGGCACCACTCTCACAGTCTCCTCA,NNNNNNNNNNTTACTCAGCCAAGCTCTGTGTCTACGTCTCTAGGAAGCACAGTCAAACTGTCTTGCAAGCCCAGCACTGGTAAAATTGGAAATTACTTTATGAGCTGGTACCAGCAACACATGGGAAGATCTCCCACAAATATGATCTATAGAGATGATCTCCGACCATCTGGAGTTTCTGATAGGTTCTCTGGCTCCATTGACAGCTCTTCCAACTCAGCCTTCCTGACAATCAATAATGTGCAGGCTGAGGATNNNNNNNNNNNNNNNNNNCTGGGTGTTCGGTGGAGGAACCAAACTGACTGTCCTAG,1,TGGCGATGTCCGTTGGCTTAGGGACT,<cell.Cell object at 0x12d2e3a10>,[],2
ATACGGTTCCGCCATGGGCTCCTCAA,CAGGTCCAACTGCAGCAGCCTGGGGCTGAGCTAGTGAAGCCTGGGGCTTCAGTGAAGCTGTCCTGCAAGGCTTCTGGCCACACCTTCACCAGCTACTGGATGCACTGGGTGAAGCAGAGCCTGGACGAGGCCTTGAGTGGATTGGAAGGATTGATCCTAATAGTGGTGGTACTAAGTACAATGAGAAGTTCAAGAGCAAGGCCACACTGACTGTAGACAAACCCTCCAGCACAGCCTACATGCAGCTCAGCAGCCTGACATCTGAGGACTCTGCGGTCTATTATTGTGCAAGACAACTGGGACACTACTTTGACTACTGGGGCCAAGGCACCACTCTCACAGTCTCCTCA,NNNNNNGNNNTTACTCAGCCAAGCTCTGTGTCTACGTCTCTAGGAAGCACAGTCAAACTGTCTTGCAAGCCCAGCACTGGTAAAATTGGAAATTACTTTATGAGCTGGTACCAGCAACACATGGGAAGATCTCCCACAAATATGATCTATAGAGATGATCTCCGACCATCTGGAGTTTCTGATAGGTTCTCTGGCTCCATTGACAGCTCTTCCAACTCAGCCTTCCTGACAATCAATAATGTGCAGGCTGAGGATNNNNNNNNNNNNNNNNNNGTTTATTTTCGGCAGTGGAACCAAGGTCACTGTCCTAG,3,ATACGGTTCCGCCATGGGCTCCTCAA,4,[],1
ATACGGTTCCGCCATGGGCTCCTCAA,CAGGTCCAACTGCAGCAGCCTGGGGCTGAGCTAGTGAAGCCTGGGGCTTCAGTGAAGCTGTCCTGCAAGGCTTCTGGCCACACCTTCACCAGCTACTGGATGCACTGGGTGAAGCAGAGCCTGGACGAGGCCTTGAGTGGATTGGAAGGATTGATCCTAATAGTGGTGGTACTAAGTACAATGAGAAGTTCAAGAGCAAGGCCACACTGACTGTAGACAAACCCTCCAGCACAGCCTACATGCAGCTCAGCAGCCTGACATCTGAGGACTCTGCGGTCTATTATTGTGCAAGACAACTGGGACACTACTTTGACTACTGGGGCCAAGGCACCACTCTCACAGTCTCCTCA,NNNNNNGNNNTTACTCAGCCAAGCTCTGTGTCTACGTCTCTAGGAAGCACAGTCAAACTGTCTTGCAAGCCCAGCACTGGTAAAATTGGAAATTACTTTATGAGCTGGTACCAGCAACACATGGGAAGATCTCCCACAAATATGATCTATAGAGATGATCTCCGACCATCTGGAGTTTCTGATAGGTTCTCTGGCTCCATTGACAGCTCTTCCAACTCAGCCTTCCTGACAATCAATAATGTGCAGGCTGAGGATNNNNNNNNNNNNNNNNNNGTTTATTTTCGGCAGTGGAACCAAGGTCACTGTCCTAG,3,ATACGGTTCCGCCATGGGCTCCTCAA,4,[],1
ATACGGTTCCGCCATGGGCTCCTCAA,CAGGTCCAACTGCAGCAGCCTGGGGCTGAGCTTGTGAAGCCTGGGGCTTCAGTGAAGCTGTCCTGCAAGGCTTCTGGCTACACGTTCACCAGCTACTGGATGCACTGGGTGAAGCAGAGCCTGGACGAGGCCTTGAGTGGATTGGAAGGATTGATCCTAATAGTGGTGGTACTAAGTACAATGAGAAGTTCAAGAGCAAGGCCACACTGACTGTAGACAAACCCTCCAGCACAGCCTACATGCAGCTCAGCAGCCTGACATCTGAGGACTCTGCGGTCTATTATTGCGCAAGACAACTGGGACACTACTTTGACTACTGGGGCCAAGGCACCACTCTCACAGTCTCCTCA,NNNNNNNNNNTTACTCAGCCAAGCTCTGTGTCTACGTCTCTAGGAAGCACAGTCAAACTGTCTTGCAAGCCCAGCACTGGTAAAATTGGAAATTACTTTATGAGCTGGTACCAGCAACACATGGGAAGATCTCCCACAAATATGATCTATAGAGATGATCTCCGACCATCTGGAGTTTCTGATAGGTTCTCTGGCTCCATTGACAGCTCTTCCAACTCAGCCTTCCTGACAATCAATAATGTGCAGGCTGAGGATNNNNNNNNNNNNNNNNNNGTTTATTTTCGGCAGTGGAACCAAGGTCACTGTCCTAG,2,ATACGGTTCCGCCATGGGCTCCTCAA,<cell.Cell object at 0x12d2c9250>,[],3
ATACGGTTCCGCCATGGGCTCCTCAA,CAGGTCCAACTGCAGCAGCCTGGGGCTGAGCTTGTGAAGCCTGGGGCTTCAGTGAAGCTGTCCTGCAAGGCTTCTGGCTACACGTTCACCAGCTACTGGATGCACTGGGTGAAGCAGAGCCTGGACGAGGCCTTGAGTGGATTGGAAGGATTGATCCTAATAGTGGTGGTACTAAGTACAATGAGAAGTTCAAGAGCAAGGCCACACTGACTGTAGACAAACCCTCCAGCACAGCCTACATGCAGCTCAGCAGCCTGACATCTGAGGACTCTGCGGTCTATTATTGCGCAAGACAACTGGGACACTACTTTGACTACTGGGGCCAAGGCACCACTCTCACAGTCTCCTCA,NNNNNNNNNNTTACTCAGCCAAGCTCTGTGTCTACGTCTCTAGGAAGCACAGTCAAACTGTCTTGCAAGCCCAGCACTGGTAAAATTGGAAATTACTTTATGAGCTGGTACCAGCAACACATGGGAAGATCTCCCACAAATATGATCTATAGAGATGATCTCCGACCATCTGGAGTTTCTGATAGGTTCTCTGGCTCCATTGACAGCTCTTCCAACTCAGCCTTCCTGACAATCAATAATGTGCAGGCTGAGGATNNNNNNNNNNNNNNNNNNGTTTATTTTCGGCAGTGGAACCAAGGTCACTGTCCTAG,2,ATACGGTTCCGCCATGGGCTCCTCAA,<cell.Cell object at 0x12d2c9250>,[],3
ACCGGAGTCTGTATGTACCGCTACTT,CAGGTCCAACTGCAGCAGCCTGGGGCTGAGCTTGTGAAGCCTGGGGCTTCAGTGAAGCTGCCCTGCAAGGCTTCTGGCTACACCTTCACCAGCTACTGGATGCACTGGGTGAAGCAGGGCCTGGACGAGGCCTTGAGTGGATTGGAAGGATTGTTCCTAATAGTGGTGGTACTAAGTACAATGAGAAGTTCAAGAGCAAGGCCACACTGACTGTAGACAAACCCTCCAGCACAGGCTACATGCAGCTCAGCAGCCTGACATCTGAGGACTCTGCGGTCTATTATTGTGCAAGACAACTGGGACACTACTTTGACTACTGGGGCCAAGGCACCACTCTCACAGTCTCCTCA,CAGGCTGTTGTGACTCAGGAATCTGCACTCACCACATCACCTGGTGAAACAGTCACACTCACTTGTCGCTCAAGTACTGGGGCTGTTACAACTAGTAACTATGCCAACTGGGTCCAAGAAAAACCAGATCATTTATTCACTGGTCTAATAGGTGGTACCAACAACCGAGCTCCAGGTGTTCCTGCCAGATTCTCAGGCTCCCTGATTGGAGACAAGGCTGCCCTCACCATCACAGGGGCACAGACTGAGGATGAGGCAATATATTTCTGTGCTCTATGGTACAGCAACCATTCTGGGTGTTCGGTGGAGGAACCAAACTGACTGTCCTAG,4,ACCGGAGTCTGTATGTACCGCTACTT,<cell.Cell object at 0x12d2c9890>,[],5
ACCGGAGTCTGTATGTACCGCTACTT,CAGGTCCAACTGCAGCAGCCTGGGGCTGAGCTTGTGAAGCCTGGGGCTTCAGTGAAGCTGCCCTGCAAGGCTTCTGGCTACACCTTCACCAGCTACTGGATGCACTGGGTGAAGCAGGGCCTGGACGAGGCCTTGAGTGGATTGGAAGGATTGTTCCTAATAGTGGTGGTACTAAGTACAATGAGAAGTTCAAGAGCAAGGCCACACTGACTGTAGACAAACCCTCCAGCACAGGCTACATGCAGCTCAGCAGCCTGACATCTGAGGACTCTGCGGTCTATTATTGTGCAAGACAACTGGGACACTACTTTGACTACTGGGGCCAAGGCACCACTCTCACAGTCTCCTCA,CAGGCTGTTGTGACTCAGGAATCTGCACTCACCACATCACCTGGTGAAACAGTCACACTCACTTGTCGCTCAAGTACTGGGGCTGTTACAACTAGTAACTATGCCAACTGGGTCCAAGAAAAACCAGATCATTTATTCACTGGTCTAATAGGTGGTACCAACAACCGAGCTCCAGGTGTTCCTGCCAGATTCTCAGGCTCCCTGATTGGAGACAAGGCTGCCCTCACCATCACAGGGGCACAGACTGAGGATGAGGCAATATATTTCTGTGCTCTATGGTACAGCAACCATTCTGGGTGTTCGGTGGAGGAACCAAACTGACTGTCCTAG,4,ACCGGAGTCTGTATGTACCGCTACTT,<cell.Cell object at 0x12d2c9890>,[],5
TACGTGTGTGCCGCAACCGAATGTTC,CAGGTCCAACTGCAGCAGCCTGGGGCTGAGCTTGTGAAGCCTGGGGCTTCAGTGAAGCTGTCCTGCAAGGCTTCTGGCTACACCTTCACCAGCTACTGGATGCACTGGGTGAAGCAGAGCCTGGACGAGCCCTTGAGTGGATTGGAAGGATTGATCCTAATAGTGGTGGTACTAAGTACAATGAGAAGTTCAAGAGCAAGGCCACACTGACTGTAGACAAACCCTCCAGCACAGCCTACATGCAGCTCAGCAGCCTGACATCTGAGGACTCTGCGGTCTATTATTGTGCAAGACAACTGGGACACTACTTTGACTACTGGGGCCAAGGCACCACTCTCACAGTCTCCTCA,CAGGCTGTTGTGACTCAGGAATCTGCACTCACCACATCACCTGGTGGAACACTCATACTCACTTGTCGCTCAAGTACTGGGGCTGTTACAACTAGTAACTATGCCAACTGGGTTCAAGAAAAACCAGATCATTTATTCACTGGTCTAATAGGTGGTACCAGCAACCGAGCTCCAGGTGTTCCTGTCAGATTCTCAGGCTCCCTGATTGGAGACAAGGCTGCCCTCACCATCACAGGGGCACAGACTGAGGATGATGCAATGTATTTCTGTGCTCTATGGTACAGCACCCATTGTTTATTTTCGGCAGTGGAACCAAGGTCACTGTCCTAG,2,TACGTGTGTGCCGCAACCGAATGTTC,3,[],1
TACGTGTGTGCCGCAACCGAATGTTC,CAGGTCCAACTGCAGCAGCCTGGGGCTGAGCTTGTGAAGCCTGGGGCTTCAGTGAAGCTGTCCTGCAAGGCTTCTGGCTACACCTTCACCAGCTACTGGATGCACTGGGTGAAGCAGAGCCTGGACGAGCCCTTGAGTGGATTGGAAGGATTGATCCTAATAGTGGTGGTACTAAGTACAATGAGAAGTTCAAGAGCAAGGCCACACTGACTGTAGACAAACCCTCCAGCACAGCCTACATGCAGCTCAGCAGCCTGACATCTGAGGACTCTGCGGTCTATTATTGTGCAAGACAACTGGGACACTACTTTGACTACTGGGGCCAAGGCACCACTCTCACAGTCTCCTCA,CAGGCTGTTGTGACTCAGGAATCTGCACTCACCACATCACCTGGTGGAACACTCATACTCACTTGTCGCTCAAGTACTGGGGCTGTTACAACTAGTAACTATGCCAACTGGGTTCAAGAAAAACCAGATCATTTATTCACTGGTCTAATAGGTGGTACCAGCAACCGAGCTCCAGGTGTTCCTGTCAGATTCTCAGGCTCCCTGATTGGAGACAAGGCTGCCCTCACCATCACAGGGGCACAGACTGAGGATGATGCAATGTATTTCTGTGCTCTATGGTACAGCACCCATTGTTTATTTTCGGCAGTGGAACCAAGGTCACTGTCCTAG,2,TACGTGTGTGCCGCAACCGAATGTTC,3,[],1
