barcode,clone_id,heavy_chain,light_chain,heavy_mutations,light_mutations,generation
GTTGGTGATTTTTATTTTCTCTCTGC,040018f6-6be3-11f1-a82e-12798fa53b17,CAGGTCCAACTGCAGCAGCCTGGGGCTGAGCTTGTGAAGCCTGGGGCTTCAGTGAAGCTGTCCTGCAAGGCTTCTGGCTACACCTTCACCAGCTACTGGATGCACTGGGTGAAGCAGAGCCTGGACGAGGCCTTGAGTGGATTGGAAGGATTGATCCTAATAGTGGTGGTACTAAGTACAATGAGAAGTTCAAGAGCAAGGCCACACTGACTGTAGACAAACCCTCCAGCACAGCCTACATGCAGCTCAGCAGCCTGACATCTGAGGACTCTGCGGTCTATTATTGTGCAAGACAACTGGGACACTACTTTGACTACTGGGGCCAAGGCACCACTCTCACAGTCTCCTCA,NNNNNNNNNNTTACTCAGCCAAGCTCTGTGTCTACGTCTCTAGGAAGCACAGTCAAACTGCCTTGCAAGCGCAGCACTGGTAACATTGGAAACGACTATGTGCACTGGTACCAGCAACACATGGGAAGATCTCCCACCAATATGATCTATAGAGATGATCAGCGACCATCTGGAGTTTCTGATAGGTTCTCTGGCTCCATTGACAGCTCTTCCAACTCAGCCTTCCTGACAATCAATAATGTGCAGGCTGAGGATNNNNNNNNNNNNNNNNNNCTGGGTGTTCGGTGGAGGAACCAAACTGACTGTCCTAG,0,0,0
CTGAAATGGTTTTGGCACGTCGCAGG,04001950-6be3-11f1-a82e-12798fa53b17,CAGGTCCAACTGCAGCAGCCTGGGGCTGAGCTTGTGAAGCCTGGGGCTTCAGTGAAGCTGTCCTGCAAGGCTTCTGGCTACACCTTCACCAGCTACTGGATGCACTGGGTGAAGCAGAGCCTGGACGAGGCCTTGAGTGGATTGGAAGGATTGATCCTAATAGTGGTGGTACTAAGTACAATGAGAAGTTCAAGAGCAAGGCCACACTGACTGTAGACAAACCCTCCAGCACAGCCTACATGCAGCTCAGCAGCCTGACATCTGAGGACTCTGCGGTCTATTATTGTGCAAGACAACTGGGACACTACTTTGACTACTGGGGCCAAGGCACCACTCTCACAGTCTCCTCA,NNNNNNNNNNTTACTCAGCCAAGCTCTGTGTCTACGTCTCTAGGAAGCACAGTCAAACTGCCTTGCAAGCGCAGCACTGGTAACATTGGAAACGACTATGTGCACTGGTACCAGCAACACATGGGAAGATCTCCCACCAATATGATCTATAGAGATGATCAGCGACCATCTGGAGTTTCTGATAGGTTCTCTGGCTCCATTGACAGCTCTTCCAACTCAGCCTTCCTGACAATCAATAATGTGCAGGCTGAGGATNNNNNNNNNNNNNNNNNNTTATGTTTTCGGCGGTGGAACCAAGGTCACTGTCCTAG,0,0,0
GGTGAAGTGTCTGCTAATTGTAACGT,0400196e-6be3-11f1-a82e-12798fa53b17,CAGGTCCAACTGCAGCAGCCTGGGGCTGAGCTTGTGAAGCCTGGGGCTTCAGTGAAGCTGTCCTGCAAGGCTTCTGGCTACACCTTCACCAGCTACTGGATGCACTGGGTGAAGCAGAGCCTGGACGAGGCCTTGAGTGGATTGGAAGGATTGATCCTAATAGTGGTGGTACTAAGTACAATGAGAAGTTCAAGAGCAAGGCCACACTGACTGTAGACAAACCCTCCAGCACAGCCTACATGCAGCTCAGCAGCCTGACATCTGAGGACTCTGCGGTCTATTATTGTGCAAGACAACTGGGACACTACTTTGACTACTGGGGCCAAGGCACCACTCTCACAGTCTCCTCA,NNNNNNNNNNTTACTCAGCCAAGCTCTGTGTCTACGTCTCTAGGAAGCACAGTCAAACTGCCTTGCAAGCGCAGCACTGGTAACATTGGAAACGACTATGTGCACTGGTACCAGCAACACATGGGAAGATCTCCCACCAATATGATCTATAGAGATGATCAGCGACCATCTGGAGTTTCTGATAGGTTCTCTGGCTCCATTGACAGCTCTTCCAACTCAGCCTTCCTGACAATCAATAATGTGCAGGCTGAGGATNNNNNNNNNNNNNNNNNNGTTTATTTTCGGCAGTGGAACCAAGGTCACTGTCCTAG,0,0,0
GGCTAATCTCGTTGCAGCTGGTGCGG,04001996-6be3-11f1-a82e-12798fa53b17,CAGGTCCAACTGCAGCAGCCTGGGGCTGAGCTTGTGAAGCCTGGGGCTTCAGTGAAGCTGTCCTGCAAGGCTTCTGGCTACACCTTCACCAGCTACTGGATGCACTGGGTGAAGCAGAGCCTGGACGAGGCCTTGAGTGGATTGGAAGGATTGATCCTAATAGTGGTGGTACTAAGTACAATGAGAAGTTCAAGAGCAAGGCCACACTGACTGTAGACAAACCCTCCAGCACAGCCTACATGCAGCTCAGCAGCCTGACATCTGAGGACTCTGCGGTCTATTATTGTGCAAGACAACTGGGACACTACTTTGACTACTGGGGCCAAGGCACCACTCTCACAGTCTCCTCA,NNNNNNNNNNTTACTCAGCCAAGCTCTGTGTCTACGTCTCTAGGAAGCACAGTCAAACTGTCTTGCAAGCGCAGCACTGGTAACATTGGAAACAACTATGTGCACTGGTACCAGCAGTACATGGGAAGATCTCCCACCAATATGATCTATGATGATAATAAGCGACCATCTGGAGTTTCTGATAGGTTCTCTGGCTCCATTGACAGCTCTTCCAACTCAGCCTTCCTGACAATCAATAATGTGCAGGCTGAGGATNNNNNNNNNNNNNNNNNNCTGGGTGTTCGGTGGAGGAACCAAACTGACTGTCCTAG,0,0,0
CATTGTTCGAGTCTGTTCTTCAGGCC,040019d2-6be3-11f1-a82e-12798fa53b17,CAGGTCCAACTGCAGCAGCCTGGGGCTGAGCTTGTGAAGCCTGGGGCTTCAGTGAAGCTGTCCTGCAAGGCTTCTGGCTACACCTTCACCAGCTACTGGATGCACTGGGTGAAGCAGAGCCTGGACGAGGCCTTGAGTGGATTGGAAGGATTGATCCTAATAGTGGTGGTACTAAGTACAATGAGAAGTTCAAGAGCAAGGCCACACTGACTGTAGACAAACCCTCCAGCACAGCCTACATGCAGCTCAGCAGCCTGACATCTGAGGACTCTGCGGTCTATTATTGTGCAAGACAACTGGGACACTACTTTGACTACTGGGGCCAAGGCACCACTCTCACAGTCTCCTCA,NNNNNNNNNNTTACTCAGCCAAGCTCTGTGTCTACGTCTCTAGGAAGCACAGTCAAACTGTCTTGCAAGCGCAGCACTGGTAACATTGGAAACAACTATGTGCACTGGTACCAGCAGTACATGGGAAGATCTCCCACCAATATGATCTATGATGATAATAAGCGACCATCTGGAGTTTCTGATAGGTTCTCTGGCTCCATTGACAGCTCTTCCAACTCAGCCTTCCTGACAATCAATAATGTGCAGGCTGAGGATNNNNNNNNNNNNNNNNNNTTATGTTTTCGGCGGTGGAACCAAGGTCACTGTCCTAG,0,0,0
CGAGATGGTCCCAGTCCGTAAGTGGT,040019e6-6be3-11f1-a82e-12798fa53b17,CAGGTCCAACTGCAGCAGCCTGGGGCTGAGCTTGTGAAGCCTGGGGCTTCAGTGAAGCTGTCCTGCAAGGCTTCTGGCTACACCTTCACCAGCTACTGGATGCACTGGGTGAAGCAGAGCCTGGACGAGGCCTTGAGTGGATTGGAAGGATTGATCCTAATAGTGGTGGTACTAAGTACAATGAGAAGTTCAAGAGCAAGGCCACACTGACTGTAGACAAACCCTCCAGCACAGCCTACATGCAGCTCAGCAGCCTGACATCTGAGGACTCTGCGGTCTATTATTGTGCAAGACAACTGGGACACTACTTTGACTACTGGGGCCAAGGCACCACTCTCACAGTCTCCTCA,NNNNNNNNNNTTACTCAGCCAAGCTCTGTGTCTACGTCTCTAGGAAGCACAGTCAAACTGTCTTGCAAGCGCAGCACTGGTAACATTGGAAACAACTATGTGCACTGGTACCAGCAGTACATGGGAAGATCTCCCACCAATATGATCTATGATGATAATAAGCGACCATCTGGAGTTTCTGATAGGTTCTCTGGCTCCATTGACAGCTCTTCCAACTCAGCCTTCCTGACAATCAATAATGTGCAGGCTGAGGATNNNNNNNNNNNNNNNNNNGTTTATTTTCGGCAGTGGAACCAAGGTCACTGTCCTAG,0,0,0
GTATAAGAACCGCCTGAGGTGACGAC,040019fa-6be3-11f1-a82e-12798fa53b17,CAGGTCCAACTGCAGCAGCCTGGGGCTGAGCTTGTGAAGCCTGGGGCTTCAGTGAAGCTGTCCTGCAAGGCTTCTGGCTACACCTTCACCAGCTACTGGATGCACTGGGTGAAGCAGAGCCTGGACGAGGCCTTGAGTGGATTGGAAGGATTGATCCTAATAGTGGTGGTACTAAGTACAATGAGAAGTTCAAGAGCAAGGCCACACTGACTGTAGACAAACCCTCCAGCACAGCCTACATGCAGCTCAGCAGCCTGACATCTGAGGACTCTGCGGTCTATTATTGTGCAAGACAACTGGGACACTACTTTGACTACTGGGGCCAAGGCACCACTCTCACAGTCTCCTCA,NNNNNNNNNNTTACTCAGCCAAGCTCTGTGTCTACATCTCTAGGAAGCACAGTCAAACTGTCTTGCAAGCGCAGCACTGGTAACATTGGAAACAACTATGTGAACTGGTACCAGCAATACATGGGAAGATCTCCCACTAATATGATCTATGGAGATGATCAGCGACCAACTGGAGTTTCTGATAGGTTCTCTGGCTCCATTGACAGCTCTTCCAACTCAGCCTTCCTGACAATCAATAATGTGCAGGCTGAGGATNNNNNNNNNNNNNNNNNNCTGGGTGTTCGGTGGAGGAACCAAACTGACTGTCCTAG,0,0,0
TAGTGTACACAACCGATACGATAAGT,04001a2c-6be3-11f1-a82e-12798fa53b17,CAGGTCCAACTGCAGCAGCCTGGGGCTGAGCTTGTGAAGCCTGGGGCTTCAGTGAAGCTGTCCTGCAAGGCTTCTGGCTACACCTTCACCAGCTACTGGATGCACTGGGTGAAGCAGAGCCTGGACGAGGCCTTGAGTGGATTGGAAGGATTGATCCTAATAGTGGTGGTACTAAGTACAATGAGAAGTTCAAGAGCAAGGCCACACTGACTGTAGACAAACCCTCCAGCACAGCCTACATGCAGCTCAGCAGCCTGACATCTGAGGACTCTGCGGTCTATTATTGTGCAAGACAACTGGGACACTACTTTGACTACTGGGGCCAAGGCACCACTCTCACAGTCTCCTCA,NNNNNNNNNNTTACTCAGCCAAGCTCTGTGTCTACATCTCTAGGAAGCACAGTCAAACTGTCTTGCAAGCGCAGCACTGGTAACATTGGAAACAACTATGTGAACTGGTACCAGCAATACATGGGAAGATCTCCCACTAATATGATCTATGGAGATGATCAGCGACCAACTGGAGTTTCTGATAGGTTCTCTGGCTCCATTGACAGCTCTTCCAACTCAGCCTTCCTGACAATCAATAATGTGCAGGCTGAGGATNNNNNNNNNNNNNNNNNNTTATGTTTTCGGCGGTGGAACCAAGGTCACTGTCCTAG,0,0,0
ACGACTATAGGCCCTTCCCGTAGCAA,04001a4a-6be3-11f1-a82e-12798fa53b17,CAGGTCCAACTGCAGCAGCCTGGGGCTGAGCTTGTGAAGCCTGGGGCTTCAGTGAAGCTGTCCTGCAAGGCTTCTGGCTACACCTTCACCAGCTACTGGATGCACTGGGTGAAGCAGAGCCTGGACGAGGCCTTGAGTGGATTGGAAGGATTGATCCTAATAGTGGTGGTACTAAGTACAATGAGAAGTTCAAGAGCAAGGCCACACTGACTGTAGACAAACCCTCCAGCACAGCCTACATGCAGCTCAGCAGCCTGACATCTGAGGACTCTGCGGTCTATTATTGTGCAAGACAACTGGGACACTACTTTGACTACTGGGGCCAAGGCACCACTCTCACAGTCTCCTCA,NNNNNNNNNNTTACTCAGCCAAGCTCTGTGTCTACATCTCTAGGAAGCACAGTCAAACTGTCTTGCAAGCGCAGCACTGGTAACATTGGAAACAACTATGTGAACTGGTACCAGCAATACATGGGAAGATCTCCCACTAATATGATCTATGGAGATGATCAGCGACCAACTGGAGTTTCTGATAGGTTCTCTGGCTCCATTGACAGCTCTTCCAACTCAGCCTTCCTGACAATCAATAATGTGCAGGCTGAGGATNNNNNNNNNNNNNNNNNNGTTTATTTTCGGCAGTGGAACCAAGGTCACTGTCCTAG,0,0,0
TTCCTTGACTCCGATATGATTTACAT,04001a5e-6be3-11f1-a82e-12798fa53b17,CAGGTCCAACTGCAGCAGCCTGGGGCTGAGCTTGTGAAGCCTGGGGCTTCAGTGAAGCTGTCCTGCAAGGCTTCTGGCTACACCTTCACCAGCTACTGGATGCACTGGGTGAAGCAGAGCCTGGACGAGGCCTTGAGTGGATTGGAAGGATTGATCCTAATAGTGGTGGTACTAAGTACAATGAGAAGTTCAAGAGCAAGGCCACACTGACTGTAGACAAACCCTCCAGCACAGCCTACATGCAGCTCAGCAGCCTGACATCTGAGGACTCTGCGGTCTATTATTGTGCAAGACAACTGGGACACTACTTTGACTACTGGGGCCAAGGCACCACTCTCACAGTCTCCTCA,NNNNNNNNNNTTACTCAGCCAAGCTCTGTGTCTACGTCTCTAGGAAGCACAGTCAAACTGTCTTGCAAGCCCAGCACTGGTAAAATTGGAAATTACTTTATGAGCTGGTACCAGCAACACATGGGAAGATCTCCCACAAATATGATCTATAGAGATGATCTCCGACCATCTGGAGTTTCTGATAGGTTCTCTGGCTCCATTGACAGCTCTTCCAACTCAGCCTTCCTGACAATCAATAATGTGCAGGCTGAGGATNNNNNNNNNNNNNNNNNNCTGGGTGTTCGGTGGAGGAACCAAACTGACTGTCCTAG,0,0,0
CGCGCGCACGATTTCGGCGGCAGTTT,04001a68-6be3-11f1-a82e-12798fa53b17,CAGGTCCAACTGCAGCAGCCTGGGGCTGAGCTTGTGAAGCCTGGGGCTTCAGTGAAGCTGTCCTGCAAGGCTTCTGGCTACACCTTCACCAGCTACTGGATGCACTGGGTGAAGCAGAGCCTGGACGAGGCCTTGAGTGGATTGGAAGGATTGATCCTAATAGTGGTGGTACTAAGTACAATGAGAAGTTCAAGAGCAAGGCCACACTGACTGTAGACAAACCCTCCAGCACAGCCTACATGCAGCTCAGCAGCCTGACATCTGAGGACTCTGCGGTCTATTATTGTGCAAGACAACTGGGACACTACTTTGACTACTGGGGCCAAGGCACCACTCTCACAGTCTCCTCA,NNNNNNNNNNTTACTCAGCCAAGCTCTGTGTCTACGTCTCTAGGAAGCACAGTCAAACTGTCTTGCAAGCCCAGCACTGGTAAAATTGGAAATTACTTTATGAGCTGGTACCAGCAACACATGGGAAGATCTCCCACAAATATGATCTATAGAGATGATCTCCGACCATCTGGAGTTTCTGATAGGTTCTCTGGCTCCATTGACAGCTCTTCCAACTCAGCCTTCCTGACAATCAATAATGTGCAGGCTGAGGATNNNNNNNNNNNNNNNNNNTTATGTTTTCGGCGGTGGAACCAAGGTCACTGTCCTAG,0,0,0
GCTATCTCTACTGAGTTCCTGTGCCT,04001a7c-6be3-11f1-a82e-12798fa53b17,CAGGTCCAACTGCAGCAGCCTGGGGCTGAGCTTGTGAAGCCTGGGGCTTCAGTGAAGCTGTCCTGCAAGGCTTCTGGCTACACCTTCACCAGCTACTGGATGCACTGGGTGAAGCAGAGCCTGGACGAGGCCTTGAGTGGATTGGAAGGATTGATCCTAATAGTGGTGGTACTAAGTACAATGAGAAGTTCAAGAGCAAGGCCACACTGACTGTAGACAAACCCTCCAGCACAGCCTACATGCAGCTCAGCAGCCTGACATCTGAGGACTCTGCGGTCTATTATTGTGCAAGACAACTGGGACACTACTTTGACTACTGGGGCCAAGGCACCACTCTCACAGTCTCCTCA,NNNNNNNNNNTTACTCAGCCAAGCTCTGTGTCTACGTCTCTAGGAAGCACAGTCAAACTGTCTTGCAAGCCCAGCACTGGTAAAATTGGAAATTACTTTATGAGCTGGTACCAGCAACACATGGGAAGATCTCCCACAAATATGATCTATAGAGATGATCTCCGACCATCTGGAGTTTCTGATAGGTTCTCTGGCTCCATTGACAGCTCTTCCAACTCAGCCTTCCTGACAATCAATAATGTGCAGGCTGAGGATNNNNNNNNNNNNNNNNNNGTTTATTTTCGGCAGTGGAACCAAGGTCACTGTCCTAG,0,0,0
TCAGGAGTTACGCTTGACACTTCGTG,04001a86-6be3-11f1-a82e-12798fa53b17,CAGGTCCAACTGCAGCAGCCTGGGGCTGAGCTTGTGAAGCCTGGGGCTTCAGTGAAGCTGTCCTGCAAGGCTTCTGGCTACACCTTCACCAGCTACTGGATGCACTGGGTGAAGCAGAGCCTGGACGAGGCCTTGAGTGGATTGGAAGGATTGATCCTAATAGTGGTGGTACTAAGTACAATGAGAAGTTCAAGAGCAAGGCCACACTGACTGTAGACAAACCCTCCAGCACAGCCTACATGCAGCTCAGCAGCCTGACATCTGAGGACTCTGCGGTCTATTATTGTGCAAGACAACTGGGACACTACTTTGACTACTGGGGCCAAGGCACCACTCTCACAGTCTCCTCA,NNNNNNNNNNTTACTCAGCCAAGCTCTGTGTCTACATCTCTAGGAAGCACAGTCAAACTGCCTTGCAAGTGCAGCACTGGTAATATTGGAAGCTACTATGTGCATTGGTACCAGCAACATATGGGAAGATCTCCTACCAATATGATCCATAGTGATGATCAGCGACCATCTGGAGTTTCTGATAGGTTCTCTGGCTCCATTGACAGCTCTTCCAACTCAGCCTTCCTGACAATCAATAATGTGCAGGCTGAGGATNNNNNNNNNNNNNNNNNNCTGGGTGTTCGGTGGAGGAACCAAACTGACTGTCCTAG,0,0,0
GCGGATATTTTAAATAGACGCAACAC,04001a9a-6be3-11f1-a82e-12798fa53b17,CAGGTCCAACTGCAGCAGCCTGGGGCTGAGCTTGTGAAGCCTGGGGCTTCAGTGAAGCTGTCCTGCAAGGCTTCTGGCTACACCTTCACCAGCTACTGGATGCACTGGGTGAAGCAGAGCCTGGACGAGGCCTTGAGTGGATTGGAAGGATTGATCCTAATAGTGGTGGTACTAAGTACAATGAGAAGTTCAAGAGCAAGGCCACACTGACTGTAGACAAACCCTCCAGCACAGCCTACATGCAGCTCAGCAGCCTGACATCTGAGGACTCTGCGGTCTATTATTGTGCAAGACAACTGGGACACTACTTTGACTACTGGGGCCAAGGCACCACTCTCACAGTCTCCTCA,NNNNNNNNNNTTACTCAGCCAAGCTCTGTGTCTACATCTCTAGGAAGCACAGTCAAACTGCCTTGCAAGTGCAGCACTGGTAATATTGGAAGCTACTATGTGCATTGGTACCAGCAACATATGGGAAGATCTCCTACCAATATGATCCATAGTGATGATCAGCGACCATCTGGAGTTTCTGATAGGTTCTCTGGCTCCATTGACAGCTCTTCCAACTCAGCCTTCCTGACAATCAATAATGTGCAGGCTGAGGATNNNNNNNNNNNNNNNNNNTTATGTTTTCGGCGGTGGAACCAAGGTCACTGTCCTAG,0,0,0
GTTATTCACAAAGTCTATATTGGCCT,04001aa4-6be3-11f1-a82e-12798fa53b17,CAGGTCCAACTGCAGCAGCCTGGGGCTGAGCTTGTGAAGCCTGGGGCTTCAGTGAAGCTGTCCTGCAAGGCTTCTGGCTACACCTTCACCAGCTACTGGATGCACTGGGTGAAGCAGAGCCTGGACGAGGCCTTGAGTGGATTGGAAGGATTGATCCTAATAGTGGTGGTACTAAGTACAATGAGAAGTTCAAGAGCAAGGCCACACTGACTGTAGACAAACCCTCCAGCACAGCCTACATGCAGCTCAGCAGCCTGACATCTGAGGACTCTGCGGTCTATTATTGTGCAAGACAACTGGGACACTACTTTGACTACTGGGGCCAAGGCACCACTCTCACAGTCTCCTCA,NNNNNNNNNNTTACTCAGCCAAGCTCTGTGTCTACATCTCTAGGAAGCACAGTCAAACTGCCTTGCAAGTGCAGCACTGGTAATATTGGAAGCTACTATGTGCATTGGTACCAGCAACATATGGGAAGATCTCCTACCAATATGATCCATAGTGATGATCAGCGACCATCTGGAGTTTCTGATAGGTTCTCTGGCTCCATTGACAGCTCTTCCAACTCAGCCTTCCTGACAATCAATAATGTGCAGGCTGAGGATNNNNNNNNNNNNNNNNNNGTTTATTTTCGGCAGTGGAACCAAGGTCACTGTCCTAG,0,0,0
TAGTAGACTTCGGTCGACGGACACCA,04001aae-6be3-11f1-a82e-12798fa53b17,CAGGTCCAACTGCAGCAGCCTGGGGCTGAGCTTGTGAAGCCTGGGGCTTCAGTGAAGCTGTCCTGCAAGGCTTCTGGCTACACCTTCACCAGCTACTGGATGCACTGGGTGAAGCAGAGCCTGGACGAGGCCTTGAGTGGATTGGAAGGATTGATCCTAATAGTGGTGGTACTAAGTACAATGAGAAGTTCAAGAGCAAGGCCACACTGACTGTAGACAAACCCTCCAGCACAGCCTACATGCAGCTCAGCAGCCTGACATCTGAGGACTCTGCGGTCTATTATTGTGCAAGACAACTGGGACACTACTTTGACTACTGGGGCCAAGGCACCACTCTCACAGTCTCCTCA,CAGGCTGTTGTGACTCAGGAATCTGCACTCACCACATCACCTGGTGAAACAGTCACACTCACTTGTCGCTCAAGTACTGGGGCTGTTACAACTAGTAACTATGCCAACTGGGTCCAAGAAAAACCAGATCATTTATTCACTGGTCTAATAGGTGGTACCAACAACCGAGCTCCAGGTGTTCCTGCCAGATTCTCAGGCTCCCTGATTGGAGACAAGGCTGCCCTCACCATCACAGGGGCACAGACTGAGGATGAGGCAATATATTTCTGTGCTCTATGGTACAGCAACCATTCTGGGTGTTCGGTGGAGGAACCAAACTGACTGTCCTAG,0,0,0
GACATCAGCAACTGATCTCAGCCAGT,04001ac2-6be3-11f1-a82e-12798fa53b17,CAGGTCCAACTGCAGCAGCCTGGGGCTGAGCTTGTGAAGCCTGGGGCTTCAGTGAAGCTGTCCTGCAAGGCTTCTGGCTACACCTTCACCAGCTACTGGATGCACTGGGTGAAGCAGAGCCTGGACGAGGCCTTGAGTGGATTGGAAGGATTGATCCTAATAGTGGTGGTACTAAGTACAATGAGAAGTTCAAGAGCAAGGCCACACTGACTGTAGACAAACCCTCCAGCACAGCCTACATGCAGCTCAGCAGCCTGACATCTGAGGACTCTGCGGTCTATTATTGTGCAAGACAACTGGGACACTACTTTGACTACTGGGGCCAAGGCACCACTCTCACAGTCTCCTCA,CAGGCTGTTGTGACTCAGGAATCTGCACTCACCACATCACCTGGTGAAACAGTCACACTCACTTGTCGCTCAAGTACTGGGGCTGTTACAACTAGTAACTATGCCAACTGGGTCCAAGAAAAACCAGATCATTTATTCACTGGTCTAATAGGTGGTACCAACAACCGAGCTCCAGGTGTTCCTGCCAGATTCTCAGGCTCCCTGATTGGAGACAAGGCTGCCCTCACCATCACAGGGGCACAGACTGAGGATGAGGCAATATATTTCTGTGCTCTATGGTACAGCAACCATTTTATGTTTTCGGCGGTGGAACCAAGGTCACTGTCCTAG,0,0,0
TAGTCCGTACGTGAATGTTTCGTAAT,04001acc-6be3-11f1-a82e-12798fa53b17,CAGGTCCAACTGCAGCAGCCTGGGGCTGAGCTTGTGAAGCCTGGGGCTTCAGTGAAGCTGTCCTGCAAGGCTTCTGGCTACACCTTCACCAGCTACTGGATGCACTGGGTGAAGCAGAGCCTGGACGAGGCCTTGAGTGGATTGGAAGGATTGATCCTAATAGTGGTGGTACTAAGTACAATGAGAAGTTCAAGAGCAAGGCCACACTGACTGTAGACAAACCCTCCAGCACAGCCTACATGCAGCTCAGCAGCCTGACATCTGAGGACTCTGCGGTCTATTATTGTGCAAGACAACTGGGACACTACTTTGACTACTGGGGCCAAGGCACCACTCTCACAGTCTCCTCA,CAGGCTGTTGTGACTCAGGAATCTGCACTCACCACATCACCTGGTGAAACAGTCACACTCACTTGTCGCTCAAGTACTGGGGCTGTTACAACTAGTAACTATGCCAACTGGGTCCAAGAAAAACCAGATCATTTATTCACTGGTCTAATAGGTGGTACCAACAACCGAGCTCCAGGTGTTCCTGCCAGATTCTCAGGCTCCCTGATTGGAGACAAGGCTGCCCTCACCATCACAGGGGCACAGACTGAGGATGAGGCAATATATTTCTGTGCTCTATGGTACAGCAACCATTGTTTATTTTCGGCAGTGGAACCAAGGTCACTGTCCTAG,0,0,0
CGGCACCCCGTGGCCGCAGGTCATAA,04001ad6-6be3-11f1-a82e-12798fa53b17,CAGGTCCAACTGCAGCAGCCTGGGGCTGAGCTTGTGAAGCCTGGGGCTTCAGTGAAGCTGTCCTGCAAGGCTTCTGGCTACACCTTCACCAGCTACTGGATGCACTGGGTGAAGCAGAGCCTGGACGAGGCCTTGAGTGGATTGGAAGGATTGATCCTAATAGTGGTGGTACTAAGTACAATGAGAAGTTCAAGAGCAAGGCCACACTGACTGTAGACAAACCCTCCAGCACAGCCTACATGCAGCTCAGCAGCCTGACATCTGAGGACTCTGCGGTCTATTATTGTGCAAGACAACTGGGACACTACTTTGACTACTGGGGCCAAGGCACCACTCTCACAGTCTCCTCA,CAGGCTGTTGTGACTCAGGAATCTGCACTCACCACATCACCTGGTGGAACAGTCATACTCACTTGTCGCTCAAGTACTGGGGCTGTTACAACTAGTAACTATGCCAACTGGGTTCAAGAAAAACCAGATCATTTATTCACTGGTCTAATAGGTGGTACCAGCAACCGAGCTCCAGGTGTTCCTGTCAGATTCTCAGGCTCCCTGATTGGAGACAAGGCTGCCCTCACCATCACAGGGGCACAGACTGAGGATGATGCAATGTATTTCTGTGCTCTATGGTACAGCACCCATTCTGGGTGTTCGGTGGAGGAACCAAACTGACTGTCCTAG,0,0,0
CTTAGGAAGCGACTATCTTCCAGCTG,04001aea-6be3-11f1-a82e-12798fa53b17,CAGGTCCAACTGCAGCAGCCTGGGGCTGAGCTTGTGAAGCCTGGGGCTTCAGTGAAGCTGTCCTGCAAGGCTTCTGGCTACACCTTCACCAGCTACTGGATGCACTGGGTGAAGCAGAGCCTGGACGAGGCCTTGAGTGGATTGGAAGGATTGATCCTAATAGTGGTGGTACTAAGTACAATGAGAAGTTCAAGAGCAAGGCCACACTGACTGTAGACAAACCCTCCAGCACAGCCTACATGCAGCTCAGCAGCCTGACATCTGAGGACTCTGCGGTCTATTATTGTGCAAGACAACTGGGACACTACTTTGACTACTGGGGCCAAGGCACCACTCTCACAGTCTCCTCA,CAGGCTGTTGTGACTCAGGAATCTGCACTCACCACATCACCTGGTGGAACAGTCATACTCACTTGTCGCTCAAGTACTGGGGCTGTTACAACTAGTAACTATGCCAACTGGGTTCAAGAAAAACCAGATCATTTATTCACTGGTCTAATAGGTGGTACCAGCAACCGAGCTCCAGGTGTTCCTGTCAGATTCTCAGGCTCCCTGATTGGAGACAAGGCTGCCCTCACCATCACAGGGGCACAGACTGAGGATGATGCAATGTATTTCTGTGCTCTATGGTACAGCACCCATTTTATGTTTTCGGCGGTGGAACCAAGGTCACTGTCCTAG,0,0,0
TGCGCCTTTCAAACCGGTTGCCTTGA,04001af4-6be3-11f1-a82e-12798fa53b17,CAGGTCCAACTGCAGCAGCCTGGGGCTGAGCTTGTGAAGCCTGGGGCTTCAGTGAAGCTGTCCTGCAAGGCTTCTGGCTACACCTTCACCAGCTACTGGATGCACTGGGTGAAGCAGAGCCTGGACGAGGCCTTGAGTGGATTGGAAGGATTGATCCTAATAGTGGTGGTACTAAGTACAATGAGAAGTTCAAGAGCAAGGCCACACTGACTGTAGACAAACCCTCCAGCACAGCCTACATGCAGCTCAGCAGCCTGACATCTGAGGACTCTGCGGTCTATTATTGTGCAAGACAACTGGGACACTACTTTGACTACTGGGGCCAAGGCACCACTCTCACAGTCTCCTCA,CAGGCTGTTGTGACTCAGGAATCTGCACTCACCACATCACCTGGTGGAACAGTCATACTCACTTGTCGCTCAAGTACTGGGGCTGTTACAACTAGTAACTATGCCAACTGGGTTCAAGAAAAACCAGATCATTTATTCACTGGTCTAATAGGTGGTACCAGCAACCGAGCTCCAGGTGTTCCTGTCAGATTCTCAGGCTCCCTGATTGGAGACAAGGCTGCCCTCACCATCACAGGGGCACAGACTGAGGATGATGCAATGTATTTCTGTGCTCTATGGTACAGCACCCATTGTTTATTTTCGGCAGTGGAACCAAGGTCACTGTCCTAG,0,0,0
GAACGCCGTGCCCTAATCGGAGGTTA,04001afe-6be3-11f1-a82e-12798fa53b17,CAGGTCCAACTGCAGCAGCCTGGGGCTGAGCTTGTGAAGCCTGGGGCTTCAGTGAAGCTGTCCTGCAAGGCTTCTGGCTACACCTTCACCAGCTACTGGATGCACTGGGTGAAGCAGAGCCTGGACGAGGCCTTGAGTGGATTGGAAGGATTGATCCTAATAGTGGTGGTACTAAGTACAATGAGAAGTTCAAGAGCAAGGCCACACTGACTGTAGACAAACCCTCCAGCACAGCCTACATGCAGCTCAGCAGCCTGACATCTGAGGACTCTGCGGTCTATTATTGTGCAAGACAACTGGGACACTACTTTGACTACTGGGGCCAAGGCACCACTCTCACAGTCTCCTCA,CAACTTGTGCTCACTCAGTCATCTTCAGCCTCTTTCTCCCTGGGAGCCTCAGCAAAACTCACGTGCACCTTGAGTAGTCAGCACAGTACGTACACCATTGAATGGTATCAGCAACAGCCACTCAAGCCTCCTAAGTATGTGATGGAGCTTAAGAAAGATGGAAGCCACAGCACAGGTGATGGGATTCCTGATCGCTTCTCTGGATCCAGCTCTGGTGCTGATCGCTACCTTAGCATTTCCAACATCCAGCCTGAAGATGAAGCAATATACATCTGTGGTGTGGGTGATACAATTAAGGAACAATTTGTGCTGGGTGTTCGGTGGAGGAACCAAACTGACTGTCCTAG,0,0,0
TAATTTGACTAGGCGCCCTTCGCATA,04001b12-6be3-11f1-a82e-12798fa53b17,CAGGTCCAACTGCAGCAGCCTGGGGCTGAGCTTGTGAAGCCTGGGGCTTCAGTGAAGCTGTCCTGCAAGGCTTCTGGCTACACCTTCACCAGCTACTGGATGCACTGGGTGAAGCAGAGCCTGGACGAGGCCTTGAGTGGATTGGAAGGATTGATCCTAATAGTGGTGGTACTAAGTACAATGAGAAGTTCAAGAGCAAGGCCACACTGACTGTAGACAAACCCTCCAGCACAGCCTACATGCAGCTCAGCAGCCTGACATCTGAGGACTCTGCGGTCTATTATTGTGCAAGACAACTGGGACACTACTTTGACTACTGGGGCCAAGGCACCACTCTCACAGTCTCCTCA,CAACTTGTGCTCACTCAGTCATCTTCAGCCTCTTTCTCCCTGGGAGCCTCAGCAAAACTCACGTGCACCTTGAGTAGTCAGCACAGTACGTACACCATTGAATGGTATCAGCAACAGCCACTCAAGCCTCCTAAGTATGTGATGGAGCTTAAGAAAGATGGAAGCCACAGCACAGGTGATGGGATTCCTGATCGCTTCTCTGGATCCAGCTCTGGTGCTGATCGCTACCTTAGCATTTCCAACATCCAGCCTGAAGATGAAGCAATATACATCTGTGGTGTGGGTGATACAATTAAGGAACAATTTGTGTTATGTTTTCGGCGGTGGAACCAAGGTCACTGTCCTAG,0,0,0
ATCAAAGGCAAGCTCTCAGAATTGAC,04001b1c-6be3-11f1-a82e-12798fa53b17,CAGGTCCAACTGCAGCAGCCTGGGGCTGAGCTTGTGAAGCCTGGGGCTTCAGTGAAGCTGTCCTGCAAGGCTTCTGGCTACACCTTCACCAGCTACTGGATGCACTGGGTGAAGCAGAGCCTGGACGAGGCCTTGAGTGGATTGGAAGGATTGATCCTAATAGTGGTGGTACTAAGTACAATGAGAAGTTCAAGAGCAAGGCCACACTGACTGTAGACAAACCCTCCAGCACAGCCTACATGCAGCTCAGCAGCCTGACATCTGAGGACTCTGCGGTCTATTATTGTGCAAGACAACTGGGACACTACTTTGACTACTGGGGCCAAGGCACCACTCTCACAGTCTCCTCA,CAACTTGTGCTCACTCAGTCATCTTCAGCCTCTTTCTCCCTGGGAGCCTCAGCAAAACTCACGTGCACCTTGAGTAGTCAGCACAGTACGTACACCATTGAATGGTATCAGCAACAGCCACTCAAGCCTCCTAAGTATGTGATGGAGCTTAAGAAAGATGGAAGCCACAGCACAGGTGATGGGATTCCTGATCGCTTCTCTGGATCCAGCTCTGGTGCTGATCGCTACCTTAGCATTTCCAACATCCAGCCTGAAGATGAAGCAATATACATCTGTGGTGTGGGTGATACAATTAAGGAACAATTTGTGGTTTATTTTCGGCAGTGGAACCAAGGTCACTGTCCTAG,0,0,0
GACATCAGCAACTGATCTCAGCCAGT,04001ac2-6be3-11f1-a82e-12798fa53b17_0,CAGGTCCAACTGCAGCAGCCTGGGGCTGAGCTTGTGAAGCCTGGGGCTTCAGTGAAGCTGTCCTGCAAGGCTTCTGGCTACACCTTCACCAGCTACTGGATGCACTGGGTGAAGCAGAGCCTGGACGAGGCCTTGAGTGGATTGGAAGGATTGATCCTAATAGTGGTGGTACTAAGTACAATGAGAAGTTCAAGAGCAAGGCCACACTGACTGTAGACAAACCCTCCAGCACAGCCTACATGCAGCTCAGCAGCCTGACATCTGAGGACTCTGCGGTCTATTATTGTGCAAGACAACTGGGACACTACTTTGACTACTGGGGCCAAGGCACCACTCTCACAGTCTCCTCA,CAGGCTGTTGTGACTCAGGAATCTGCACTCACCACATCACCTGGTGAAACAGTCACACTCACTTGTCGCTCAAGTACTGGGGCTGTTACAACTAGTAACTATGCCAACTGGGTCCAAGAAAAACCAGATCATTTATTCACTGGTCTAATAGGTGGTACCAACAACCGAGCTCCAGGTGTTCCTGCCAGATTCTCAGGCTCCCTGATTGGAGACAAGGCTGCCCTCACCATCACAGGGGCACAGACTGAGGATGAGGCAATGTATTTCTGTGCTCTATGGTACAGCAACCATTTTATGTTTTCGGCGGTGGAACCAAGGTCACTGTCCTAG,0,1,1
GACATCAGCAACTGATCTCAGCCAGT,04001ac2-6be3-11f1-a82e-12798fa53b17_1,CAGGTCCAACTGCAGCAGCCTGGGGCTGAGCTTGTGAAGCCTGGGGCTTCAGTGAAGCTGTCCTGCAAGGCTTCTGGCTACACCTTCACCAGCTACTGGATGCACTGGGTGAAGCAGAGCCTGGACGAGGCCTTGAGTGGATTGGAAGGATTGATCCTAATAGTGGTGGTACTAAGTACAATGAGAAGTTCAAGAGCAAGGCCACACTGACTGTAGACAAACCCTCCAGCACAGCCTACATGCAGCTCAGCAGCCTGACATCTGAGGACTCTGCGGTCTATTATTGTGCAAGACAACTGGGACACTACTTTGACTACTGGGGCCAAGGCACCACTCTCACAGTCTCCTCA,CAGGCTGTTGTGACTCAGGAATCTGCACTCACCACATCACCTGGTGAAACAGTCACACTCACTTGTCGCTCAAGTACTGGGGCTGTTACAACTAGTAACTATGCCAACTGGGTCCAAGAAAAACCAGATCATTTATTCACTGGTCTAATAGGTGGTACCAACAACCGAGCTCCAGGTGTTCCTGCCAGATGCTCAGGCTCCCTGATTGGAGACAAGGCTGCCCTCACCATCACAGGGGCACAGACTGAGGATGAGGCAATATATTTCTGTGCTCTATGGTACAGCAACCATTTTATGTTTTCGGCGGTGGAACCAAGGTCACTGTCCTAG,0,1,1
GACATCAGCAACTGATCTCAGCCAGT,04001ac2-6be3-11f1-a82e-12798fa53b17_2,CAGGTCCAACTGCAGCAGCCTGGGGCTGAGCTTGTGAAGCCTGGGGCTTCAGTGAAGCTGTCCTGCAAGGCTTCTGGCTACACCTTCACCAGCTACTGGATGCACTGGGTGAAGCAGAGCCTGGACGAGGCCTTGAGTGGATTGGAAGGATTGATCCTAATAGTGGTGGTACTAAGTACAATGAGAAGTTCAAGAGCAAGGCCACACTGACTGTAGACAAACCCTCCAGCACAGCCTACATGCAGCTCAGCAGCCTGACATCTGAGGACTCTGCGGTCTATTATTGTGCAAGACAACTGGGACACTACTTTGACTACTGGGGCCAAGGCACCACTCTCACAGTCTCCTCA,CAGGCTGTTGTGACTCAGGAATCTGCACTCACCACATCACCTGGTGAAACAGTCACACTCACTTGTCGCTCAAGTACTGGGGCTGTTACAACTAGTAACTATGCCAACTGGGTCCAAGACAAACCAGATCATTTATTCACTGGTCTAATAGGTGGTACCAACAACCGAGCTCCAGGTGTTCCTGCCAGATTCTCAGGCTCCCTGATTGGAGACAAGGCTGCCCTCACCATCACAGGGGCACAGACTGAGGATGAGGCAATATATTTCTGTGCTCTATGGTACAGCAACCATTTTATGTTTTCGGCGGTGGAACCAAGGTCACTGTCCTAG,0,1,1
GACATCAGCAACTGATCTCAGCCAGT,04001ac2-6be3-11f1-a82e-12798fa53b17_3,CAGGTCCAACTGCAGCAGCCTGGGGCTGAGCTTGTGAAGCCTGGGGCTTCAGTGAAGATGTCCTGCAAGGCTTCTGGCTACACCTTCACCAGCTACTGGATGCACTGGGTGAAGCAGAGCCTGGACGAGGCCTTGAGTGGATTGGAAGGATTGATCCTAATAGTGGTGGTACTAAGTACAATGAGAAGTTCAAGAGCAAGGCCACACTGACTGTAGACAAACCCTCCAGCACAGCCTACATGCAGCTCAGCAGCCTGACATCTGAGGACTCTGCGGTCTATTATTGTGCAAGACAACTGGGACACTACTTTGACTACTGGGGCCAAGGCACCACTCTCACAGTCTCCTCA,CAGGCTGTTGTGACTCAGGAATCTGCACTCACCACATCACCTGGTGAAACAGTCACACTCACTTGTCGCTCAAGTACTGGGGCTGTTACAACTAGTAACTATGCCAACTGGGTCCAAGAAAAACCAGATCATTTATTCACTGGTCTAATAGGTGGTACCAACAACCGAGCTCCAGGTGTTCCTGCCAGATTCTCAGGCTCCCTGATTGGAGACAAGGCTGCCCTCACCATCACAGGGGCACAGACTGAGGATGAGGCAATATATTTCTGTGCTCTATGGTACAGCAACCATTTTATGTTTTCGGCGGTGGAACCAAGGTCACTGTCCTAG,1,0,1
GACATCAGCAACTGATCTCAGCCAGT,04001ac2-6be3-11f1-a82e-12798fa53b17_1_0,CAGGTCCAACTGCAGCAGCCTGGGGCTGAGCTTGTGAAGCCTGGGGCTTCAGTGAAGCTGTCCTGCAAGGCTTCTGGCTACACCTTCACCAGCTACTGGATGCACTGGGTGAGGCAGAGCCTGGACGAGGCCTTGAGTGGATTGGAAGGATTGATCCTAATAGTGGTGGTACTAAGTACAATGAGAAGTTCAAGAGCAAGGCCACACTGACTGTAGACAAACCCTCCAGCACAGCCTACATGCAGCTCAGCAGCCTGACATCTGAGGACTCTGCGGTCTATTATTGTGCAAGACAACTGGGACACTACTTTGACTACTGGGGCCAAGGCACCACTCTCACAGTCTCCTCA,CAGGCTGTTGTGACTCAGGAATCTGCACTCACCACATCACCTGGTGAAACAGTCACACTCACTTGTCGCTCAAGTACTGGGGCTGTTACAACTAGTAACTATGCCAACTGGGTCCAAGAAAAACCAGATCATTTATTCACTGGTCTAATAGGTGGTACCAACAACCGAGCTCCAGGTGTTCCTGCCAGATGCTCAGGCTCCCTGATTGGAGACAAGGCTGCCCTCACCATCACAGGGGCACAGACTGAGGATGAGGCAATATATTTCTGTGCTCTATGGTACAGCAACCATTTTATGTTTTCGGCGGTGGAACCAAGGTCACTGTCCTAG,1,0,2
GACATCAGCAACTGATCTCAGCCAGT,04001ac2-6be3-11f1-a82e-12798fa53b17_1_1,CAGGTCCAACTGCAGCAGCCTGGGGCTGAGCTTGTGAAGCCTGGGGCTTCAGTGAAGCTGTCCTGCAAGGCTTCTCGCTACACCTTCACCAGCTACTGGATGCACTGGGTGAAGCAGAGCCTGGACGAGGCCTTGAGTGGATTGGAAGGATTGATCCTAATAGTGGTGGTACTAAGTACAATGAGAAGTTCAAGAGCAAGGCCACACTGACTGTAGACAAACCCTCCAGCACAGCCTACATGCAGCTCAGCAGCCTGACATCTGAGGACTCTGCGGTCTATTATTGTGCAAGACAACTGGGACACTACTTTGACTACTGGGGCCAAGGCACCACTCTCACAGTCTCCTCA,CAGGCTGTTGTGACTCAGGAATCTGCACTCACCACATCACCTGGTGAAACAGTCACACTCACTTGTCGCTCAAGTACTGGGGCTGTTACAACTAGTAACTATGCCAACTGGGTCCAAGAAAAACCAGATCATTTATTCACTGGTCTAATAGGTGGTACCAACAACCGAGCTCCAGGTGTTCCTGCCAGATGCTCAGGCTCCCTGATTGGAGACAAGGCTGCCCTCACCATCACAGGGGCACAGACTGAGGATGAGGCAATATATTTCTGTGCTCTATGGTACAGCAACCATTTTATGTTTTCGGCGGTGGAACCAAGGTCACTGTCCTAG,1,0,2
GACATCAGCAACTGATCTCAGCCAGT,04001ac2-6be3-11f1-a82e-12798fa53b17_1_2,CAGGTCCAACTGCAGCAGCCTGGGGCTGAGCTTGTGAAGCCTGGGGCTTCAGTGAAGCTGTCCTGCAAGGCTTCTGGCTACACCTTCACCAGCTACTGGATGCACTGGGTGAAGCAGAGCCTGGACGAGGCCTTGAGTGGATTGGAAGGATTGATCCTAATAGTGGTGGTACTAAGTACAATGAGAAGTTCAAGAGCAAGGCCACACTGACTGTAGACAAACCCTCCAGCACAGCCTACATGCAGCTCAGCAGCCTGACATCTGAGGACTCTGCGGTCTATTATTGTGCAAGACAACTGGGACACTACTTTGACTACTGGGGCCAAGGCACCACTCTCACAGTCTCCTCA,CAGGCTGTTGTGACTCAGGAATCTGCACTCACCACATCACCTGGTGCAACAGTCACACTCACTTGTCGCTCAAGTACTGGGGCTGTTACAACTAGTAACTATGCCAACTGGGTCCAAGAAAAACCAGATCATTTATTCACTGGTCTAATAGGTGGTACCAACAACCGAGCTCCAGGTGTTCCTGCCAGATGCTCAGGCTCCCTGATTGGAGACAAGGCTGCCCTCACCATCACAGGGGCACAGACTGAGGATGAGGCAATATATTTCTGTGCTCTATGGTACAGCAACCATTTTATGTTTTCGGCGGTGGAACCAAGGTCACTGTCCTAG,0,1,2
GACATCAGCAACTGATCTCAGCCAGT,04001ac2-6be3-11f1-a82e-12798fa53b17_3_0,CAGGTCCAACTGCAGCAGCCTGGGGCTGAGCTTGTGAAGCCTGGGGCTTCAGTGAAGATGTCCTGCAAGGCTTCTGGCTACACCTTCACCAGCTACTGGATGCACTGGGTGAAGCAGAGCCTGGACGAGGCCTTGAGTGGATTGGAAGGATTGATCCTAATAGTGGTGGTACTAAGTACAATGAGAAGTTCAAGAGCAAGGCCACACTGACTGTAGACAAACCCTCCAGCACAGCCTACATGCAGCTCAGCAGCCTGACATCTGAGGACTCTGCGGTCTATTATTGTGCAAGACAACTGGGACACTACTTTGACTACTGGGGCCAAGGCACCACTCTCACAGTCTCCTCA,CAGGCTGTTGTGACTCAGGAATCTGCACTCACCACATCACCTGGTGAAACAGTCACACTCACATGTCGCTCAAGTACTGGGGCTGTTACAACTAGTAACTATGCCAACTGGGTCCAAGAAAAACCAGATCATTTATTCACTGGTCTAATAGGTGGTACCAACAACCGAGCTCCAGGTGTTCCTGCCAGATTCTCAGGCTCCCTGATTGGAGACAAGGCTGCCCTCACCATCACAGGGGCACAGACTGAGGATGAGGCAATATATTTCTGTGCTCTATGGTACAGCAACCATTTTATGTTTTCGGCGGTGGAACCAAGGTCACTGTCCTAG,0,1,2
GACATCAGCAACTGATCTCAGCCAGT,04001ac2-6be3-11f1-a82e-12798fa53b17_3_1,CAGGTCCAACTGCAGCAGCCTGGGGCTGAGCTTGTGAAGCCTGGGGCTTCAGTGAAGATGTCCTGCAAGGCTTCTGGCTACACCTTCACCAGCTACTGGATGCACTGGGTGAAGCAGAGCCTGGACGAGGCCTTGAGTGGATTGGAAGGATTGATCCTAATAGTGGTGGTACTAAGTACAATGAGAAGTTCAAGAGCAAGGCCACACTGACTGTAGACAAACCCTCCAGCACAGCCTACATGCAGCTCAGCAGCCTGACATCTGAGGACTCTGCGGTCTATTATTGTGCAAGACAACTGGGACACTACTTTGACTACTGGGGCCAAGGCACCACTCTCACAGTCTCCTCA,CAGGCTGTTGTGACTCAGGAATCTGCACTCGCCACATCACCTGGTGAAACAGTCACACTCACTTGTCGCTCAAGTACTGGGGCTGTTACAACTAGTAACTATGCCAACTGGGTCCAAGAAAAACCAGATCATTTATTCACTGGTCTAATAGGTGGTACCAACAACCGAGCTCCAGGTGTTCCTGCCAGATTCTCAGGCTCCCTGATTGGAGACAAGGCTGCCCTCACCATCACAGGGGCACAGACTGAGGATGAGGCAATATATTTCTGTGCTCTATGGTACAGCAACCATTTTATGTTTTCGGCGGTGGAACCAAGGTCACTGTCCTAG,0,1,2
GACATCAGCAACTGATCTCAGCCAGT,04001ac2-6be3-11f1-a82e-12798fa53b17_3_2,CAGGTCCAACTGCAGCAGCCTGGGGCTGAGCTTGTGAAGCCTGGGGCTTCAGTGAAGATGTCCTGCAAGGCTTCTGGCTACACCTTCACCAGCTACTGGATGCACTGGGTGAAGCAGAGCCTGGACGAGGCCTTGAGTGGATTGGAAGGATTGATCCTAATAGTGGTGGTACTAAGTACAATGAGAAGTTCAAGAGCAAGGCCACACTGACTGTAGACAAACCCTCCAGCACAGCCTACATGCAGCTCAGCAGCCTGACATCTGAGGACTCTGCGGTCTATTATTGTGCAAGACAACTGGGACACTACTTTGACTACTGGGGCCAAGGCACCACTCTCACAGTCTCCTCA,CAGGCTGTTGTGACTCAGGAATCTGCACTCACCACATCACCTGGTGAAACAGTCACACTCACTTGTCGCTCAAGTACTGGGGCTGTTACAACTAGTAACTATGCCAACTGGGTCCAAGAAAAACCAGATCATTTATTCACTGGTCTAATAGGTGGTACCCACAACCGAGCTCCAGGTGTTCCTGCCAGATTCTCAGGCTCCCTGATTGGAGACAAGGCTGCCCTCACCATCACAGGGGCACAGACTGAGGATGAGGCAATATATTTCTGTGCTCTATGGTACAGCAACCATTTTATGTTTTCGGCGGTGGAACCAAGGTCACTGTCCTAG,0,1,2
GTATAAGAACCGCCTGAGGTGACGAC,040019fa-6be3-11f1-a82e-12798fa53b17_0,CAGGTCCAACTGCAGCAGCCTGGGGCTGAGCTTGTGAAGCCTGGGGCTTCAGTGAAGCTGTCCTGCAAGGCTTCTGGCTACACCTTCACCAGCTACTGGATGCACTGGGTGAAGCAGAGCCTGGACGAGGCCTTGAGTGGATTGGAAGGATTGATCCTAATAGTGGTGGTACTAAGTACAATGAGAAGTTCAAGAGCAAGGCCACACTGACTGTAGACAAACCCTCCAGCACAGCCTACATGCAGCTCAGCAGCCTGACATCTGAGGACTCTGCGGTCTATTATTGTGCAAGACAACTGGGACACTACTTTGACTACTGGGGCCAAGGCACCACTCTCACAGTCTCCTCA,NNNNNNNNNNTTACTCAGCCAAGCTCTGTGTCTACATCTCTAGGAAGCACAGTCAAACTGTCTTGCAAGCGCAGCACTGGTAACATTGGAAACAACTATGTGAACTGGTACCAGCAATACATGGAAAGATCTCCCACTAATATGATCTATGGAGATGATCAGCGACCAACTGGAGTTTCTGATAGGTTCTCTGGCTCCATTGACAGCTCTTCCAACTCAGCCTTCCTGACAATCAATAATGTGCAGGCTGAGGATNNNNNNNNNNNNNNNNNNCTGGGTGTTCGGTGGAGGAACCAAACTGACTGTCCTAG,0,1,1
GTATAAGAACCGCCTGAGGTGACGAC,040019fa-6be3-11f1-a82e-12798fa53b17_1,CAGGTCCAACTGCAGCAGCCTGGGGCTGAGCTTGTGAAGCCTGGGGCTTCAGTGAAGCTGTCCTGCAAGGCTTCTGGCTACACCTTCACCAGCTACTGGATGCACTGGGTGAAGCAGAGCCTGGACGAGGCCTTGAGTGGATTGGAAGGATTGATCCTAATAGTGGTGGTACTAAGTACAATGAGAAGTTCAAGAGCAAGGCCACACTGACTGTAGACAAACCCTCCAGCACAGCCTACATGCAGCTCAGCAGCCTGACATCTGAGGACTCTGCGGTCTATTATTGTGCAAGACAACTGGGACACTACTTTGACTACTGGGGCCAAGGCACCACTCTCACAGTCTCCTCA,NNNNNNNNNNTTACTCAGCGAAGCTCTGTGTCTACATCTCTAGGAAGCACAGTCAAACTGTCTTGCAAGCGCAGCACTGGTAACATTGGAAACAACTATGTGAACTGGTACCAGCAATACATGGGAAGATCTCCCACTAATATGATCTATGGAGATGATCAGCGACCAACTGGAGTTTCTGATAGGTTCTCTGGCTCCATTGACAGCTCTTCCAACTCAGCCTTCCTGACAATCAATAATGTGCAGGCTGAGGATNNNNNNNNNNNNNNNNNNCTGGGTGTTCGGTGGAGGAACCAAACTGACTGTCCTAG,0,1,1
GTATAAGAACCGCCTGAGGTGACGAC,040019fa-6be3-11f1-a82e-12798fa53b17_2,CAGGTCCAACTGCAGCAGCCTGGGGCTGAGCTTGTGAAGCCTGGGGCTTCAGTGAAGCTGTCCTGCAAGGCTTCTGGCTACACCTTCACCAGCTACTGGATGCACTGGGTGAAGCAGAGCCTGGACGAGGCCTTGAGTGGATTGGAAGGATTGATCCTAATAGTGGTGGTACTAAGTATAATGAGAAGTTCAAGAGCAAGGCCACACTGACTGTAGACAAACCCTCCAGCACAGCCTACATGCAGCTCAGCAGCCTGACATCTGAGGACTCTGCGGTCTATTATTGTGCAAGACAACTGGGACACTACTTTGACTACTGGGGCCAAGGCACCACTCTCACAGTCTCCTCA,NNNNNNNNNNTTACTCAGCCAAGCTCTGTGTCTACATCTCTAGGAAGCACAGTCAAACTGTCTTGCAAGCGCAGCACTGGTAACATTGGAAACAACTATGTGAACTGGTACCAGCAATACATGGGAAGATCTCCCACTAATATGATCTATGGAGATGATCAGCGACCAACTGGAGTTTCTGATAGGTTCTCTGGCTCCATTGACAGCTCTTCCAACTCAGCCTTCCTGACAATCAATAATGTGCAGGCTGAGGATNNNNNNNNNNNNNNNNNNCTGGGTGTTCGGTGGAGGAACCAAACTGACTGTCCTAG,1,0,1
GACATCAGCAACTGATCTCAGCCAGT,04001ac2-6be3-11f1-a82e-12798fa53b17_3_2_0,CAGGTCCAACTGCAGCAGCCTGGGGCTGAGCTTGTGAAGCCTGGGGCTTCAGTGAAGATGTCCTGCAAGGCTTCTGGCTACACCTTCACCAGCTACTGGATGCACTGGGTGAAGCAGAGCCTGGACGAGGCCTTGAGTGGATTGGAAGGATTGATCCTAATAGTGGTGGTACTAAGTACAATGAGAAGTTCAAGAGCAAGGCCACACTGACTGTAGACAAACCCTCCTGCACAGCCTACATGCAGCTCAGCAGCCTGACATCTGAGGACTCTGCGGTCTATTATTGTGCAAGACAACTGGGACACTACTTTGACTACTGGGGCCAAGGCACCACTCTCACAGTCTCCTCA,CAGGCTGTTGTGACTCAGGAATCTGCACTCACCACATCACCTGGTGAAACAGTCACACTCACTTGTCGCTCAAGTACTGGGGCTGTTACAACTAGTAACTATGCCAACTGGGTCCAAGAAAAACCAGATCATTTATTCACTGGTCTAATAGGTGGTACCCACAACCGAGCTCCAGGTGTTCCTGCCAGATTCTCAGGCTCCCTGATTGGAGACAAGGCTGCCCTCACCATCACAGGGGCACAGACTGAGGATGAGGCAATATATTTCTGTGCTCTATGGTACAGCAACCATTTTATGTTTTCGGCGGTGGAACCAAGGTCACTGTCCTAG,1,0,3
GACATCAGCAACTGATCTCAGCCAGT,04001ac2-6be3-11f1-a82e-12798fa53b17_3_2_1,CAGGTCCAACTGCAGCAGCCTGGGGCTGAGCTTGTGAAGCCTGGGGCTTCAGTGAAGATGTCCTGCAAGGCTTCTGGCTACACCTTCACCAGCTACTGGATGCACTGGGTGAAGCAGAGCCTGGACGAGGCCTAGAGTGGATTGGAAGGATTGATCCTAATAGTGGTGGTACTAAGTACAATGAGAAGTTCAAGAGCAAGGCCACACTGACTGTAGACAAACCCTCCAGCACAGCCTACATGCAGCTCAGCAGCCTGACATCTGAGGACTCTGCGGTCTATTATTGTGCAAGACAACTGGGACACTACTTTGACTACTGGGGCCAAGGCACCACTCTCACAGTCTCCTCA,CAGGCTGTTGTGACTCAGGAATCTGCACTCACCACATCACCTGGTGAAACAGTCACACTCACTTGTCGCTCAAGTACTGGGGCTGTTACAACTAGTAACTATGCCAACTGGGTCCAAGAAAAACCAGATCATTTATTCACTGGTCTAATAGGTGGTACCCACAACCGAGCTCCAGGTGTTCCTGCCAGATTCTCAGGCTCCCTGATTGGAGACAAGGCTGCCCTCACCATCACAGGGGCACAGACTGAGGATGAGGCAATATATTTCTGTGCTCTATGGTACAGCAACCATTTTATGTTTTCGGCGGTGGAACCAAGGTCACTGTCCTAG,1,0,3
GACATCAGCAACTGATCTCAGCCAGT,04001ac2-6be3-11f1-a82e-12798fa53b17_3_2_2,CAGGTCCAACTGCAGCAGCCTGGGGCTGAGCTTGTGAAGCCTGGGGCTTCAGTGAAGATGTCCTGCAAGGCTTCTGGCTACACCTTCACCAGCTACTGGATGCACTGGGTGAAGCAGAGCCTGGACGAGGCCTTGAGTGGATTGGAAGGATTGATCCTAATAGTGGTGGTACTAAGTACAATGAGAAGTTCAAGAGCAAGGCCACACTGACTGTAGACAAACCCTCCAGCACAGCCTACATGCAGCTCAGCAGCCTGACATCTGAGGACTCTGCGGTCTATTATTGTGCAAGACAACTGGGACACTACTTTGACTACTGGGGCCAAGGCACCACTCTCACAGTCTCCTCA,CAGGCTGTTGTGACTCAGGAATCTGCACTCACCACATCACCTGGTGAAACAGTCACACTCACTTGTCGCTGAAGTACTGGGGCTGTTACAACTAGTAACTATGCCAACTGGGTCCAAGAAAAACCAGATCATTTATTCACTGGTCTAATAGGTGGTACCCACAACCGAGCTCCAGGTGTTCCTGCCAGATTCTCAGGCTCCCTGATTGGAGACAAGGCTGCCCTCACCATCACAGGGGCACAGACTGAGGATGAGGCAATATATTTCTGTGCTCTATGGTACAGCAACCATTTTATGTTTTCGGCGGTGGAACCAAGGTCACTGTCCTAG,0,1,3
GACATCAGCAACTGATCTCAGCCAGT,04001ac2-6be3-11f1-a82e-12798fa53b17_3_2_3,CAGGTCCAACTGCAGCAGCCTGGGGCTGAGCTTGTGAAGCCTGGGGCTTCAGTGAAGATGTCCTGCAAGGCTTCTGGCTACACCTTCACCAGCTACTGGATCCACTGGGTGAAGCAGAGCCTGGACGAGGCCTTGAGTGGATTGGAAGGATTGATCCTAATAGTGGTGGTACTAAGTACAATGAGAAGTTCAAGAGCAAGGCCACACTGACTGTAGACAAACCCTCCAGCACAGCCTACATGCAGCTCAGCAGCCTGACATCTGAGGACTCTGCGGTCTATTATTGTGCAAGACAACTGGGACACTACTTTGACTACTGGGGCCAAGGCACCACTCTCACAGTCTCCTCA,CAGGCTGTTGTGACTCAGGAATCTGCACTCACCACATCACCTGGTGAAACAGTCACACTCACTTGTCGCTCAAGTACTGGGGCTGTTACAACTAGTAACTATGCCAACTGGGTCCAAGAAAAACCAGATCATTTATTCACTGGTCTAATAGGTGGTACCCACAACCGAGCTCCAGGTGTTCCTGCCAGATTCTCAGGCTCCCTGATTGGAGACAAGGCTGCCCTCACCATCACAGGGGCACAGACTGAGGATGAGGCAATATATTTCTGTGCTCTATGGTACAGCAACCATTTTATGTTTTCGGCGGTGGAACCAAGGTCACTGTCCTAG,1,0,3
GACATCAGCAACTGATCTCAGCCAGT,04001ac2-6be3-11f1-a82e-12798fa53b17_0_0,CAGGTCCAACTGCAGCAGCCTGGGGCTGAGCTTGTGAAGCCTGGGGCTTCAGTGAAGCTGTCCTGCAAGGCTTCTGGCTACACCTTCACCAGCTACTGGATGCACTGGGTGAAGCAGAGCCTGGACGAGGCCTTGAGTGGATTGGAAGGATTGATCCTAATAGTGGTGGTACTAAGTACAATGAGAAGTTCAAGAGCAAGGCCACACTGACTGTAGACAAACCCTCCAGCACAGCCTACATGCAGCTCAGCAGCCTGACATCTGAGGACTCTGCGGTCTATTATTGTGCAAGACAACTGGGACACTACTTTGACTACTGGGGCCAAGGCACCACTCTCACAGTCTCCTCA,CAGGCTGTTGTGACTCAGGAATCTGCACTCACCACTTCACCTGGTGAAACAGTCACACTCACTTGTCGCTCAAGTACTGGGGCTGTTACAACTAGTAACTATGCCAACTGGGTCCAAGAAAAACCAGATCATTTATTCACTGGTCTAATAGGTGGTACCAACAACCGAGCTCCAGGTGTTCCTGCCAGATTCTCAGGCTCCCTGATTGGAGACAAGGCTGCCCTCACCATCACAGGGGCACAGACTGAGGATGAGGCAATGTATTTCTGTGCTCTATGGTACAGCAACCATTTTATGTTTTCGGCGGTGGAACCAAGGTCACTGTCCTAG,0,1,2
GACATCAGCAACTGATCTCAGCCAGT,04001ac2-6be3-11f1-a82e-12798fa53b17_0_1,CAGGTCCAACTGCAGCAGCCTGGGGCTGAGCTTGTGAAGCCTGGGGCTTCAGTGAAGCTGTCCTGCAAGGCTTCTGGCTACACCTTCACCAGCTACTGGATGCACTGGGTGAAGCAGAGCCTGGACGAGGCCTTGAGTGGATTGGAAGGATTGATCCTAATAGTGGTGGTACTAAGTACAATGAGAAGTTCAAGAGCAAGGCCACACTGACTGTAGACAAACCCTCCAGCACAGCCTACATGCAGCTCAGCAGCCTGACATCTGAGGACTCTGCGGTCTATTATTGTGCAAGACAACTGGGACACTACTTTGACTACTGGGGCCAAGGCACCACTCTCACAGTCTCCTCA,CAGGCTGTTGTGACTCAGGAATCTGCACTCACCACATCACCTGGTGAAACAGTCACACTCACTTGTCGCTCAAGTACTGGGGCTTTTACAACTAGTAACTATGCCAACTGGGTCCAAGAAAAACCAGATCATTTATTCACTGGTCTAATAGGTGGTACCAACAACCGAGCTCCAGGTGTTCCTGCCAGATTCTCAGGCTCCCTGATTGGAGACAAGGCTGCCCTCACCATCACAGGGGCACAGACTGAGGATGAGGCAATGTATTTCTGTGCTCTATGGTACAGCAACCATTTTATGTTTTCGGCGGTGGAACCAAGGTCACTGTCCTAG,0,1,2
GACATCAGCAACTGATCTCAGCCAGT,04001ac2-6be3-11f1-a82e-12798fa53b17_3_2_2_0,CAGGTCCAACTGCAGCAGCCTGGGGCTGAGCTTGTGAAGCCTGGGGCTTCAGTGAAGATGTCCTGCAAGGCTTCTGGCTACACCTTCACCAGCTACTGGATGCACTGGGTGAAGCAGAGCCTGGACGAGGCCTTGAGTGGATTGGAAGGATTGATCCTAATAGTGGTGGTACTAAGTACAATGAGAAGTTCAAGAGCAAGGCCACACTGACTGTAGACAAACCCTCCAGCACAGCCTACATGCAGCTCAGCAGCCTGACATCTGAGGACTCTGCGGTCTATTATTGTGCAAGACAACTGGGACACTACTTTGACTACTGGGGCCAAGGCACCACTCTCACAGTCTCCTCA,CAGGCTGTTCTGACTCAGGAATCTGCACTCACCACATCACCTGGTGAAACAGTCACACTCACTTGTCGCTGAAGTACTGGGGCTGTTACAACTAGTAACTATGCCAACTGGGTCCAAGAAAAACCAGATCATTTATTCACTGGTCTAATAGGTGGTACCCACAACCGAGCTCCAGGTGTTCCTGCCAGATTCTCAGGCTCCCTGATTGGAGACAAGGCTGCCCTCACCATCACAGGGGCACAGACTGAGGATGAGGCAATATATTTCTGTGCTCTATGGTACAGCAACCATTTTATGTTTTCGGCGGTGGAACCAAGGTCACTGTCCTAG,0,1,4
GACATCAGCAACTGATCTCAGCCAGT,04001ac2-6be3-11f1-a82e-12798fa53b17_3_2_2_1,CAGGTCCAACTGCAGCAGCCTGGGGCTGAGCTTGTGAAGCCTGGGGCTTCAGTGAAGATGTCCTGCAAGGCTTCTGGCAACACCTTCACCAGCTACTGGATGCACTGGGTGAAGCAGAGCCTGGACGAGGCCTTGAGTGGATTGGAAGGATTGATCCTAATAGTGGTGGTACTAAGTACAATGAGAAGTTCAAGAGCAAGGCCACACTGACTGTAGACAAACCCTCCAGCACAGCCTACATGCAGCTCAGCAGCCTGACATCTGAGGACTCTGCGGTCTATTATTGTGCAAGACAACTGGGACACTACTTTGACTACTGGGGCCAAGGCACCACTCTCACAGTCTCCTCA,CAGGCTGTTGTGACTCAGGAATCTGCACTCACCACATCACCTGGTGAAACAGTCACACTCACTTGTCGCTGAAGTACTGGGGCTGTTACAACTAGTAACTATGCCAACTGGGTCCAAGAAAAACCAGATCATTTATTCACTGGTCTAATAGGTGGTACCCACAACCGAGCTCCAGGTGTTCCTGCCAGATTCTCAGGCTCCCTGATTGGAGACAAGGCTGCCCTCACCATCACAGGGGCACAGACTGAGGATGAGGCAATATATTTCTGTGCTCTATGGTACAGCAACCATTTTATGTTTTCGGCGGTGGAACCAAGGTCACTGTCCTAG,1,0,4
GACATCAGCAACTGATCTCAGCCAGT,04001ac2-6be3-11f1-a82e-12798fa53b17_2_0,CAGGTCCAACTGCAGCAGCCTGGGGCTGAGCTTGTGAAGCCTGGGGCTTCAGTGAAGCTGTCCTGCAAGGCTTCTGGCTACACCTTCACCAGCTACTGGATGCACTGGGTGAAGCAGAGCCTGGACGAGGCCTTGAGTGGATTGGAAGGATTGATCCTAATAGTGGTGGTACTAAGTACAATGAGAAGTTCAAGAGCAAGGCCACACTGACTGTAGACAAACCCTCCAGCACAGCCTACATGCAGCTCAGCAGCCTGACATCTGAGGACTCTGCGGTTTATTATTGTGCAAGACAACTGGGACACTACTTTGACTACTGGGGCCAAGGCACCACTCTCACAGTCTCCTCA,CAGGCTGTTGTGACTCAGGAATCTGCACTCACCACATCACCTGGTGAAACAGTCACACTCACTTGTCGCTCAAGTACTGGGGCTGTTACAACTAGTAACTATGCCAACTGGGTCCAAGACAAACCAGATCATTTATTCACTGGTCTAATAGGTGGTACCAACAACCGAGCTCCAGGTGTTCCTGCCAGATTCTCAGGCTCCCTGATTGGAGACAAGGCTGCCCTCACCATCACAGGGGCACAGACTGAGGATGAGGCAATATATTTCTGTGCTCTATGGTACAGCAACCATTTTATGTTTTCGGCGGTGGAACCAAGGTCACTGTCCTAG,1,0,2
GACATCAGCAACTGATCTCAGCCAGT,04001ac2-6be3-11f1-a82e-12798fa53b17_2_1,CAGGTCCAACTGCAGCAGCCTGGGGCTGAGCTTGTGAAGCCTGGGGCTTCAGTGAAGCTGTCCTGCAAGGCTTCTGGCTACACCTTCACCAGCTACTGGATGCACTGGGTGAAGCAGAGCCTGGACGAGGCCTTGAGTGGATTGGAAGGATTGATCCTAATAGTGGTGGTACTAAGTACAATGAGAAGTTCAAGAGCAAGGCCACACTGACTGTATACAAACCCTCCAGCACAGCCTACATGCAGCTCAGCAGCCTGACATCTGAGGACTCTGCGGTCTATTATTGTGCAAGACAACTGGGACACTACTTTGACTACTGGGGCCAAGGCACCACTCTCACAGTCTCCTCA,CAGGCTGTTGTGACTCAGGAATCTGCACTCACCACATCACCTGGTGAAACAGTCACACTCACTTGTCGCTCAAGTACTGGGGCTGTTACAACTAGTAACTATGCCAACTGGGTCCAAGACAAACCAGATCATTTATTCACTGGTCTAATAGGTGGTACCAACAACCGAGCTCCAGGTGTTCCTGCCAGATTCTCAGGCTCCCTGATTGGAGACAAGGCTGCCCTCACCATCACAGGGGCACAGACTGAGGATGAGGCAATATATTTCTGTGCTCTATGGTACAGCAACCATTTTATGTTTTCGGCGGTGGAACCAAGGTCACTGTCCTAG,1,0,2
GACATCAGCAACTGATCTCAGCCAGT,04001ac2-6be3-11f1-a82e-12798fa53b17_2_2,CAGGTCCAACTGCAGCAGCCTGGGGCTGAGCTTGTGAAGCCTGGGGCTTCAGTGAAGCTGTCCTGCAAGGCTTCTGGCTACACCTTCACCAGCTACTGGATGCACTGGGTGAAGCAGAGCCTGGACGAGGCCTTGAGTGGATTGGAAGGATTGATCCTAATAGTGGTGGTACTAAGTACAATGAGAAGTTCAAGAGCAAGGCCACACTGACTGTAGACAAACCCTCCAGCACAGCCTACATGCAGCTCAGCAGCCTGACATCTGAGGACTCTGCGGTCTAATATTGTGCAAGACAACTGGGACACTACTTTGACTACTGGGGCCAAGGCACCACTCTCACAGTCTCCTCA,CAGGCTGTTGTGACTCAGGAATCTGCACTCACCACATCACCTGGTGAAACAGTCACACTCACTTGTCGCTCAAGTACTGGGGCTGTTACAACTAGTAACTATGCCAACTGGGTCCAAGACAAACCAGATCATTTATTCACTGGTCTAATAGGTGGTACCAACAACCGAGCTCCAGGTGTTCCTGCCAGATTCTCAGGCTCCCTGATTGGAGACAAGGCTGCCCTCACCATCACAGGGGCACAGACTGAGGATGAGGCAATATATTTCTGTGCTCTATGGTACAGCAACCATTTTATGTTTTCGGCGGTGGAACCAAGGTCACTGTCCTAG,1,0,2
GACATCAGCAACTGATCTCAGCCAGT,04001ac2-6be3-11f1-a82e-12798fa53b17_2_3,CAGGTCCAACTGCAGCAGCCTGGGGCTGAGCTTGTGAAGCCTGGGGCTTCAGTGAAGCTGTCCTGCAAGGCTTCTGGCTACACCTTCACCAGCTACTGGATGCACTGGTTGAAGCAGAGCCTGGACGAGGCCTTGAGTGGATTGGAAGGATTGATCCTAATAGTGGTGGTACTAAGTACAATGAGAAGTTCAAGAGCAAGGCCACACTGACTGTAGACAAACCCTCCAGCACAGCCTACATGCAGCTCAGCAGCCTGACATCTGAGGACTCTGCGGTCTATTATTGTGCAAGACAACTGGGACACTACTTTGACTACTGGGGCCAAGGCACCACTCTCACAGTCTCCTCA,CAGGCTGTTGTGACTCAGGAATCTGCACTCACCACATCACCTGGTGAAACAGTCACACTCACTTGTCGCTCAAGTACTGGGGCTGTTACAACTAGTAACTATGCCAACTGGGTCCAAGACAAACCAGATCATTTATTCACTGGTCTAATAGGTGGTACCAACAACCGAGCTCCAGGTGTTCCTGCCAGATTCTCAGGCTCCCTGATTGGAGACAAGGCTGCCCTCACCATCACAGGGGCACAGACTGAGGATGAGGCAATATATTTCTGTGCTCTATGGTACAGCAACCATTTTATGTTTTCGGCGGTGGAACCAAGGTCACTGTCCTAG,1,0,2
GACATCAGCAACTGATCTCAGCCAGT,04001ac2-6be3-11f1-a82e-12798fa53b17_3_2_2_0_0,CAGGTCCAACTGCAGCAGCCTGGGGCTGAGCTTGTGAAGCCTGGGGCTTCAGTGAAGATGTCCTGCAAGGCTTCTGGCTACACCTTCACCAGCTACTGGATGCACTGGGTGAAGCAGAGCCTGGACGAGGCCTTGAGTGGATTGGAAGGATTGATCCTAATAGTGGTGGTACTAAGTACAATGAGAAGTTCAAGAGCAAGGCCACACTGACTGTAGACAAACCCTCCAGCACAGCCTACATGCAGCTCAGCAGCCTGACATCTGAGGACTCTGCGGTCTATTATTGTGCAAGACAACTGGGACACTACTTTGACTACTGGGGCCAAGGCACCACTCTCACAGTCTCCTCA,CAGGCTGTTCTGACTCAGGAATCTGCACTCACCACATCACCTGGTGAAACAGTCACACTCACTTGTCGCTGAAGTACTGGGGCTGTTACAACTAGTAACTATGCCAACTGGGTCCAAGAAAAACCAGATCATTTATTCACTGGTCTAATAGGTGGTACCCACAACCGAGCTCCAGGTGTTCCTGCCAGGTTCTCAGGCTCCCTGATTGGAGACAAGGCTGCCCTCACCATCACAGGGGCACAGACTGAGGATGAGGCAATATATTTCTGTGCTCTATGGTACAGCAACCATTTTATGTTTTCGGCGGTGGAACCAAGGTCACTGTCCTAG,0,1,5
GACATCAGCAACTGATCTCAGCCAGT,04001ac2-6be3-11f1-a82e-12798fa53b17_3_2_2_0_1,CAGGTCCAACTGCAGCAGCCTGGGGCTGAGCTTGTGATGCCTGGGGCTTCAGTGAAGATGTCCTGCAAGGCTTCTGGCTACACCTTCACCAGCTACTGGATGCACTGGGTGAAGCAGAGCCTGGACGAGGCCTTGAGTGGATTGGAAGGATTGATCCTAATAGTGGTGGTACTAAGTACAATGAGAAGTTCAAGAGCAAGGCCACACTGACTGTAGACAAACCCTCCAGCACAGCCTACATGCAGCTCAGCAGCCTGACATCTGAGGACTCTGCGGTCTATTATTGTGCAAGACAACTGGGACACTACTTTGACTACTGGGGCCAAGGCACCACTCTCACAGTCTCCTCA,CAGGCTGTTCTGACTCAGGAATCTGCACTCACCACATCACCTGGTGAAACAGTCACACTCACTTGTCGCTGAAGTACTGGGGCTGTTACAACTAGTAACTATGCCAACTGGGTCCAAGAAAAACCAGATCATTTATTCACTGGTCTAATAGGTGGTACCCACAACCGAGCTCCAGGTGTTCCTGCCAGATTCTCAGGCTCCCTGATTGGAGACAAGGCTGCCCTCACCATCACAGGGGCACAGACTGAGGATGAGGCAATATATTTCTGTGCTCTATGGTACAGCAACCATTTTATGTTTTCGGCGGTGGAACCAAGGTCACTGTCCTAG,1,0,5
GACATCAGCAACTGATCTCAGCCAGT,04001ac2-6be3-11f1-a82e-12798fa53b17_3_2_2_0_2,CAGGTCCAACTGCAGCAGCCTGGGGCTGAGCTTGTGAAGCCTGGGACTTCAGTGAAGATGTCCTGCAAGGCTTCTGGCTACACCTTCACCAGCTACTGGATGCACTGGGTGAAGCAGAGCCTGGACGAGGCCTTGAGTGGATTGGAAGGATTGATCCTAATAGTGGTGGTACTAAGTACAATGAGAAGTTCAAGAGCAAGGCCACACTGACTGTAGACAAACCCTCCAGCACAGCCTACATGCAGCTCAGCAGCCTGACATCTGAGGACTCTGCGGTCTATTATTGTGCAAGACAACTGGGACACTACTTTGACTACTGGGGCCAAGGCACCACTCTCACAGTCTCCTCA,CAGGCTGTTCTGACTCAGGAATCTGCACTCACCACATCACCTGGTGAAACAGTCACACTCACTTGTCGCTGAAGTACTGGGGCTGTTACAACTAGTAACTATGCCAACTGGGTCCAAGAAAAACCAGATCATTTATTCACTGGTCTAATAGGTGGTACCCACAACCGAGCTCCAGGTGTTCCTGCCAGATTCTCAGGCTCCCTGATTGGAGACAAGGCTGCCCTCACCATCACAGGGGCACAGACTGAGGATGAGGCAATATATTTCTGTGCTCTATGGTACAGCAACCATTTTATGTTTTCGGCGGTGGAACCAAGGTCACTGTCCTAG,1,0,5
GACATCAGCAACTGATCTCAGCCAGT,04001ac2-6be3-11f1-a82e-12798fa53b17_3_2_2_0_3,CAGGTCCAACTGCAGCAGCCTGGGGCTGAGCTTGTGAAGCCTGGGGCTTCAGTGAAGATGTCCTGCAAGGCTTCTGGCTACACCTTCACCAGCTACTGGATGCACTGGGTGAAGCAGAGCCTGGACGAGGCCTTGAGTGGATTGGAAGGATTGATCCTAATAGTGGTGGTACGAAGTACAATGAGAAGTTCAAGAGCAAGGCCACACTGACTGTAGACAAACCCTCCAGCACAGCCTACATGCAGCTCAGCAGCCTGACATCTGAGGACTCTGCGGTCTATTATTGTGCAAGACAACTGGGACACTACTTTGACTACTGGGGCCAAGGCACCACTCTCACAGTCTCCTCA,CAGGCTGTTCTGACTCAGGAATCTGCACTCACCACATCACCTGGTGAAACAGTCACACTCACTTGTCGCTGAAGTACTGGGGCTGTTACAACTAGTAACTATGCCAACTGGGTCCAAGAAAAACCAGATCATTTATTCACTGGTCTAATAGGTGGTACCCACAACCGAGCTCCAGGTGTTCCTGCCAGATTCTCAGGCTCCCTGATTGGAGACAAGGCTGCCCTCACCATCACAGGGGCACAGACTGAGGATGAGGCAATATATTTCTGTGCTCTATGGTACAGCAACCATTTTATGTTTTCGGCGGTGGAACCAAGGTCACTGTCCTAG,1,0,5
GACATCAGCAACTGATCTCAGCCAGT,04001ac2-6be3-11f1-a82e-12798fa53b17_3_2_2_0_3_0,CAGGTCCAACTGCAGCAGCCTGGGGCTGAGCTTGTGAAGCCTGGGGCTTCAGTGAAGATGTCCTGCAAGGCTTCTGGCTACACCTTCACCAGCTACTGGATGCACTGGGTGAAGCAGAGCCTGGACGAGGCCTTGAGTGGATTGGAAGGATTGATCCTAATAGTGGTGGTACGAAGTACAATGAGAAGTTCAAGAGCAAGGCCACACTGACTGTAGACAAACCCTCCAGCACAGCCTACATGCAGCTCAGCAGCCTGACATCTGAGGACTCTGCGGTCTATTATTGTGCAAGACAACTGGGACACTACTTTGACTACTGGGGCCAAGGCACCACTCTCACAGTCTCCTCA,CAGGCTGTTCTGACTCAGGAATCTGCACTCACCACATCACCTGGTGAAACAGTCACACTCACTTGTCGCTGAAGTACTGGGGCTGTTACAACTAGTAACTATGCCAACTGGGTCCAAGAAAAACCAGATCATTTATTCACTGGTCTAATAGGTTGTACCCACAACCGAGCTCCAGGTGTTCCTGCCAGATTCTCAGGCTCCCTGATTGGAGACAAGGCTGCCCTCACCATCACAGGGGCACAGACTGAGGATGAGGCAATATATTTCTGTGCTCTATGGTACAGCAACCATTTTATGTTTTCGGCGGTGGAACCAAGGTCACTGTCCTAG,0,1,6
GACATCAGCAACTGATCTCAGCCAGT,04001ac2-6be3-11f1-a82e-12798fa53b17_3_2_2_0_3_1,TAGGTCCAACTGCAGCAGCCTGGGGCTGAGCTTGTGAAGCCTGGGGCTTCAGTGAAGATGTCCTGCAAGGCTTCTGGCTACACCTTCACCAGCTACTGGATGCACTGGGTGAAGCAGAGCCTGGACGAGGCCTTGAGTGGATTGGAAGGATTGATCCTAATAGTGGTGGTACGAAGTACAATGAGAAGTTCAAGAGCAAGGCCACACTGACTGTAGACAAACCCTCCAGCACAGCCTACATGCAGCTCAGCAGCCTGACATCTGAGGACTCTGCGGTCTATTATTGTGCAAGACAACTGGGACACTACTTTGACTACTGGGGCCAAGGCACCACTCTCACAGTCTCCTCA,CAGGCTGTTCTGACTCAGGAATCTGCACTCACCACATCACCTGGTGAAACAGTCACACTCACTTGTCGCTGAAGTACTGGGGCTGTTACAACTAGTAACTATGCCAACTGGGTCCAAGAAAAACCAGATCATTTATTCACTGGTCTAATAGGTGGTACCCACAACCGAGCTCCAGGTGTTCCTGCCAGATTCTCAGGCTCCCTGATTGGAGACAAGGCTGCCCTCACCATCACAGGGGCACAGACTGAGGATGAGGCAATATATTTCTGTGCTCTATGGTACAGCAACCATTTTATGTTTTCGGCGGTGGAACCAAGGTCACTGTCCTAG,1,0,6
